GEO_ID,Poverty,Bachelor,White,White-NH,Black,Black-NH,Asian,Asian-NH,AmericanIndian,AmericanIndian-NH,NHPI,NHPI-NH,Other,Other-NH,Multi,Multi-NH,Pre-1939 Housing,1939-1949 Housing,VacantHousing,OwnerOccupied,FamiliesWithChildren,White-H,Black-H,Asian-H,AmericanIndian-H,NHPI-H,Other-H,Multi-H,SimpsonsDI,OldHousing
42101000100,11.7,79.8,77.2,73.6,10.5,10.5,8.6,8.6,0.1,0.1,0.0,0.0,1.8,0.0,1.9,1.9,61.5,4.2,16.2,29.3,3.6,3.6000000000000085,0.0,0.0,0.0,0.0,1.8,0.0,0.4389010000000001,65.7
42101000200,19.9,49.5,34.1,34.0,5.9,5.9,55.9,55.9,0.0,0.0,0.0,0.0,1.0,0.0,3.1,2.7,40.8,2.1,13.5,42.0,14.9,0.10000000000000142,0.0,0.0,0.0,0.0,1.0,0.3999999999999999,0.5675920000000001,42.9
42101000300,10.6,79.2,81.7,71.5,5.2,5.2,9.7,9.7,0.0,0.0,0.0,0.0,0.9,0.0,2.5,2.0,42.6,1.1,9.6,24.8,8.0,10.200000000000003,0.0,0.0,0.0,0.0,0.9,0.5,0.465752,43.7
42101000401,26.3,67.1,59.6,53.9,12.9,12.6,26.2,26.2,0.0,0.0,0.0,0.0,0.3,0.0,1.0,1.0,32.0,3.3,16.2,30.4,2.7,5.700000000000003,0.3000000000000007,0.0,0.0,0.0,0.3,0.0,0.621592,35.3
42101000402,10.7,74.5,90.0,88.4,2.0,2.0,7.6,7.6,0.0,0.0,0.0,0.0,0.0,0.0,0.4,0.4,16.4,2.9,13.0,61.9,1.0,1.5999999999999943,0.0,0.0,0.0,0.0,0.0,0.0,0.21209599999999995,19.299999999999997
42101000500,32.4,39.3,43.6,34.6,32.0,29.4,16.3,15.7,1.2,0.7,0.0,0.0,4.8,0.0,2.2,1.6,71.5,5.8,10.6,3.8,4.4,9.0,2.6000000000000014,0.6000000000000014,0.5,0.0,4.8,0.6000000000000001,0.758717,77.3
42101000600,22.5,80.0,74.0,70.2,10.3,10.3,13.5,13.5,0.0,0.0,0.0,0.0,1.5,0.0,0.6,0.0,80.6,3.3,12.8,2.0,2.3,3.799999999999997,0.0,0.0,0.0,0.0,1.5,0.6,0.47565699999999994,83.89999999999999
42101000700,28.8,77.5,65.8,59.1,11.0,11.0,22.0,21.5,0.0,0.0,0.0,0.0,0.0,0.0,1.2,1.2,44.8,8.2,18.4,24.8,2.8,6.699999999999996,0.0,0.5,0.0,0.0,0.0,0.0,0.5877359999999999,53.0
42101000801,14.3,86.1,75.2,71.8,12.7,12.7,7.3,7.3,0.0,0.0,0.0,0.0,3.8,3.8,1.0,1.0,74.3,1.8,8.5,25.1,7.5,3.4000000000000057,0.0,0.0,0.0,0.0,0.0,0.0,0.46031800000000006,76.1
42101000803,14.9,85.3,90.6,88.3,0.5,0.5,5.0,5.0,2.4,2.4,0.0,0.0,0.0,0.0,1.5,1.5,34.6,1.4,9.7,39.2,3.5,2.299999999999997,0.0,0.0,0.0,0.0,0.0,0.0,0.216456,36.0
42101000804,7.2,80.9,84.4,70.9,2.6,2.6,10.8,10.8,1.1,1.1,0.0,0.0,0.0,0.0,1.1,1.1,38.9,2.8,15.0,25.1,5.9,13.5,0.0,0.0,0.0,0.0,0.0,0.0,0.4665120000000001,41.699999999999996
42101000901,21.3,81.4,68.2,63.6,8.5,8.5,20.9,20.9,0.0,0.0,0.0,0.0,1.9,0.0,0.5,0.5,64.9,8.4,18.1,3.5,3.7,4.600000000000001,0.0,0.0,0.0,0.0,1.9,0.0,0.5420959999999999,73.30000000000001
42101000902,21.2,69.4,73.0,70.7,4.9,4.9,19.8,19.8,0.0,0.0,0.0,0.0,0.4,0.4,1.8,1.8,32.6,3.2,13.3,14.5,6.5,2.299999999999997,0.0,0.0,0.0,0.0,0.0,0.0,0.456677,35.800000000000004
42101001001,10.1,82.2,86.8,84.8,1.1,1.1,5.8,5.8,0.0,0.0,0.0,0.0,0.0,0.0,6.3,6.3,26.9,1.5,15.4,60.6,6.6,2.0,0.0,0.0,0.0,0.0,0.0,0.0,0.273042,28.4
42101001002,4.0,78.0,91.7,86.5,0.7,0.7,6.4,6.4,0.1,0.1,0.0,0.0,0.0,0.0,1.1,0.8,44.2,0.3,4.7,58.0,12.6,5.200000000000003,0.0,0.0,0.0,0.0,0.0,0.30000000000000004,0.24485200000000004,44.5
42101001101,13.1,74.2,88.5,80.8,4.8,4.8,5.0,5.0,0.0,0.0,0.0,0.0,0.2,0.0,1.5,1.5,65.1,2.4,16.0,28.3,5.8,7.700000000000003,0.0,0.0,0.0,0.0,0.2,0.0,0.33617400000000003,67.5
42101001102,16.6,80.1,88.8,87.9,4.0,4.0,3.4,3.4,2.5,0.0,0.0,0.0,0.4,0.4,0.8,0.8,67.5,3.6,13.3,35.3,7.4,0.8999999999999915,0.0,0.0,2.5,0.0,0.0,0.0,0.22281699999999988,71.1
42101001201,6.7,93.5,89.3,85.8,1.1,1.1,5.0,5.0,0.5,0.5,0.0,0.0,0.1,0.1,4.0,4.0,74.8,4.5,4.3,49.6,14.7,3.5,0.0,0.0,0.0,0.0,0.0,0.0,0.25836400000000004,79.3
42101001202,10.5,88.9,84.9,79.9,6.6,6.2,5.5,5.5,0.0,0.0,0.0,0.0,2.0,0.0,1.1,0.7,76.4,5.6,7.0,29.5,7.5,5.0,0.39999999999999947,0.0,0.0,0.0,2.0,0.40000000000000013,0.3527489999999999,82.0
42101001300,10.8,61.0,54.6,53.3,30.0,30.0,8.0,8.0,1.4,1.4,0.3,0.3,0.4,0.0,5.3,5.3,59.1,6.7,15.5,61.2,16.8,1.3000000000000043,0.0,0.0,0.0,0.0,0.4,0.0,0.616312,65.8
42101001400,10.9,74.4,64.9,61.4,17.7,17.7,6.3,6.3,0.0,0.0,0.2,0.0,1.6,1.6,9.2,7.6,47.4,2.7,14.8,44.1,13.1,3.500000000000007,0.0,0.0,0.0,0.2,0.0,1.5999999999999996,0.5791890000000001,50.1
42101001500,15.5,68.8,67.7,64.0,14.7,14.6,12.8,12.8,2.4,2.4,0.0,0.0,1.5,0.0,0.9,0.9,50.9,2.5,12.1,53.0,14.0,3.700000000000003,0.09999999999999964,0.0,0.0,0.0,1.5,0.0,0.550448,53.4
42101001600,7.5,72.6,89.8,86.7,3.9,3.9,1.8,1.8,0.0,0.0,0.0,0.0,1.2,1.2,3.3,2.9,66.2,3.6,14.2,46.1,11.3,3.0999999999999943,0.0,0.0,0.0,0.0,0.0,0.3999999999999999,0.24450399999999994,69.8
42101001700,6.1,73.6,79.5,76.7,7.1,6.5,6.5,6.5,0.0,0.0,0.0,0.0,3.6,1.6,3.3,2.9,69.1,2.0,7.3,58.6,16.5,2.799999999999997,0.5999999999999996,0.0,0.0,0.0,2.0,0.3999999999999999,0.40092799999999995,71.1
42101001800,10.1,66.0,69.0,63.3,17.6,17.6,8.6,7.6,0.0,0.0,0.0,0.0,1.2,1.2,3.6,3.3,61.5,1.1,13.2,55.2,16.9,5.700000000000003,0.0,1.0,0.0,0.0,0.0,0.30000000000000027,0.557968,62.6
42101001900,11.7,59.9,54.9,51.5,38.2,38.2,3.6,3.3,0.3,0.3,0.0,0.0,0.3,0.3,2.7,2.2,57.8,9.6,13.6,49.8,14.0,3.3999999999999986,0.0,0.30000000000000027,0.0,0.0,0.0,0.5,0.58607,67.39999999999999
42101002000,21.1,21.8,17.8,17.3,78.6,77.8,0.3,0.3,0.0,0.0,0.0,0.0,0.0,0.0,3.3,3.3,66.9,14.9,17.7,52.8,16.4,0.5,0.7999999999999972,0.0,0.0,0.0,0.0,0.0,0.3636,81.80000000000001
42101002100,19.6,26.3,23.6,22.2,72.2,72.2,1.3,1.3,0.0,0.0,0.0,0.0,0.2,0.2,2.7,1.4,68.4,14.1,23.9,53.4,11.8,1.4000000000000021,0.0,0.0,0.0,0.0,0.0,1.3000000000000003,0.428698,82.5
42101002200,37.6,37.6,25.0,24.1,62.7,60.2,7.3,7.3,0.0,0.0,0.0,0.0,0.3,0.0,4.7,4.7,64.3,4.4,22.8,43.4,16.3,0.8999999999999986,2.5,0.0,0.0,0.0,0.3,0.0,0.571262,68.7
42101002300,10.2,46.2,81.8,70.6,1.9,1.9,10.8,10.8,0.0,0.0,0.8,0.0,0.4,0.0,4.2,4.2,78.3,2.4,9.3,52.2,8.8,11.200000000000003,0.0,0.0,0.0,0.8,0.4,0.0,0.4741510000000001,80.7
42101002400,10.3,50.0,72.2,54.3,9.3,9.3,14.5,14.5,0.0,0.0,0.0,0.0,1.2,0.3,2.8,2.8,69.1,3.8,15.3,48.5,15.2,17.900000000000006,0.0,0.0,0.0,0.0,0.8999999999999999,0.0,0.6425620000000001,72.89999999999999
42101002500,15.7,46.2,60.0,56.7,29.5,27.2,4.7,4.4,0.0,0.0,0.0,0.0,2.4,0.4,3.4,3.4,59.1,3.4,12.2,45.7,15.3,3.299999999999997,2.3000000000000007,0.2999999999999998,0.0,0.0,2.0,0.0,0.5993919999999999,62.5
42101002701,21.1,27.3,44.8,32.8,28.1,28.0,24.5,24.5,0.5,0.5,0.0,0.0,0.6,0.0,1.5,1.5,61.9,5.3,16.9,44.4,14.3,12.0,0.10000000000000142,0.0,0.0,0.0,0.6,0.0,0.7393039999999999,67.2
42101002702,4.4,32.3,88.5,86.1,4.6,1.8,6.0,6.0,0.0,0.0,0.0,0.0,0.2,0.0,0.7,0.2,70.4,8.0,12.2,71.3,11.3,2.4000000000000057,2.8,0.0,0.0,0.0,0.2,0.49999999999999994,0.25336200000000003,78.4
42101002801,21.8,20.6,49.2,25.9,5.6,5.0,39.3,39.3,1.5,1.5,0.0,0.0,3.0,0.0,1.4,0.2,61.1,8.6,19.1,47.4,25.6,23.300000000000004,0.5999999999999996,0.0,0.0,0.0,3.0,1.2,0.7203719999999999,69.7
42101002802,12.6,33.4,69.6,67.9,0.3,0.3,24.1,24.1,0.0,0.0,0.3,0.3,4.6,0.0,1.0,1.0,76.2,3.9,11.5,64.7,19.4,1.6999999999999886,0.0,0.0,0.0,0.0,4.6,0.0,0.4773549999999999,80.10000000000001
42101002900,14.5,44.8,81.9,74.3,0.4,0.4,12.9,12.9,0.0,0.0,0.0,0.0,2.4,0.9,2.3,1.5,77.0,9.0,8.1,56.3,17.5,7.6000000000000085,0.0,0.0,0.0,0.0,1.5,0.7999999999999998,0.42392300000000005,86.0
42101003001,17.2,21.3,27.3,22.0,21.2,21.2,43.2,42.3,0.5,0.5,0.2,0.0,3.2,0.2,4.3,4.3,80.2,6.4,12.5,57.2,25.9,5.300000000000001,0.0,0.9000000000000057,0.0,0.2,3.0,0.0,0.721055,86.60000000000001
42101003002,26.5,16.9,20.5,18.1,70.8,70.8,5.7,5.7,1.2,1.2,0.0,0.0,0.4,0.0,1.4,1.4,70.0,5.7,21.4,54.2,15.1,2.3999999999999986,0.0,0.0,0.0,0.0,0.4,0.0,0.461794,75.7
42101003100,30.2,14.9,9.5,9.3,80.7,80.2,5.2,5.2,0.0,0.0,0.0,0.0,0.3,0.0,4.3,4.3,73.3,6.1,25.1,49.8,20.2,0.1999999999999993,0.5,0.0,0.0,0.0,0.3,0.0,0.343556,79.39999999999999
42101003200,33.0,4.3,11.1,11.1,86.8,86.8,0.0,0.0,0.0,0.0,0.0,0.0,0.6,0.0,1.5,1.5,67.9,12.1,25.5,57.0,23.2,0.0,0.0,0.0,0.0,0.0,0.6,0.0,0.233994,80.0
42101003300,43.3,4.1,23.6,20.8,70.1,70.1,2.8,2.4,0.0,0.0,0.0,0.0,0.4,0.0,3.1,3.1,58.1,23.4,15.4,44.6,25.7,2.8000000000000007,0.0,0.3999999999999999,0.0,0.0,0.4,0.0,0.46298200000000006,81.5
42101003600,53.3,10.1,18.4,18.2,60.1,55.1,11.8,11.2,0.0,0.0,0.0,0.0,1.5,0.0,8.3,4.2,11.2,11.4,5.4,34.3,32.3,0.1999999999999993,5.0,0.6000000000000014,0.0,0.0,1.5,4.1000000000000005,0.6455210000000001,22.6
42101003701,35.7,9.3,9.6,6.9,73.3,67.9,11.9,11.4,0.0,0.0,0.0,0.0,1.3,0.0,3.9,1.1,64.5,19.3,25.6,56.1,28.5,2.6999999999999993,5.3999999999999915,0.5,0.0,0.0,1.3,2.8,0.5164579999999999,83.8
42101003702,16.5,12.3,34.8,29.4,43.0,43.0,16.5,16.5,0.2,0.2,0.0,0.0,0.2,0.0,5.4,5.0,71.8,9.0,10.4,64.8,29.9,5.399999999999999,0.0,0.0,0.0,0.0,0.2,0.40000000000000036,0.6969989999999999,80.8
42101003800,4.9,24.3,98.2,96.1,1.0,1.0,0.2,0.2,0.0,0.0,0.0,0.0,0.0,0.0,0.6,0.6,70.7,6.7,5.7,81.5,21.3,2.1000000000000085,0.0,0.0,0.0,0.0,0.0,0.0,0.07589800000000012,77.4
42101003901,15.5,20.0,69.0,66.4,6.9,6.9,18.9,18.9,0.6,0.6,0.0,0.0,2.7,0.2,1.8,1.5,70.7,13.7,9.2,55.7,22.4,2.5999999999999943,0.0,0.0,0.0,0.0,2.5,0.30000000000000004,0.5160469999999999,84.4
42101003902,6.9,20.9,91.3,90.3,1.1,1.1,1.7,1.7,0.0,0.0,0.0,0.0,0.0,0.0,5.9,5.9,73.7,13.2,8.1,84.9,15.7,1.0,0.0,0.0,0.0,0.0,0.0,0.0,0.18059999999999998,86.9
42101004001,16.2,32.4,83.0,77.5,3.2,1.7,12.6,12.6,0.0,0.0,0.0,0.0,0.5,0.3,0.7,0.7,76.2,7.8,8.5,66.5,12.5,5.5,1.5000000000000002,0.0,0.0,0.0,0.2,0.0,0.37989799999999996,84.0
42101004002,4.3,20.3,91.5,83.7,0.0,0.0,3.1,3.1,1.1,1.1,0.0,0.0,0.0,0.0,4.3,3.9,66.8,15.4,9.3,83.5,19.0,7.799999999999997,0.0,0.0,0.0,0.0,0.0,0.3999999999999999,0.29072799999999993,82.2
42101004101,39.5,11.4,35.2,28.1,19.1,17.1,35.1,35.1,1.1,1.1,0.0,0.0,4.1,0.0,5.4,5.4,63.1,13.6,14.6,51.0,25.5,7.100000000000001,2.0,0.0,0.0,0.0,4.1,0.0,0.758438,76.7
42101004102,37.7,10.8,49.6,36.1,12.3,11.2,31.8,31.8,0.0,0.0,0.0,0.0,1.9,0.0,4.5,4.5,68.5,17.2,10.7,53.7,34.0,13.5,1.1000000000000014,0.0,0.0,0.0,1.9,0.0,0.7362789999999999,85.7
42101004201,24.9,16.8,75.1,73.2,6.9,6.2,15.6,15.6,0.0,0.0,0.0,0.0,0.0,0.0,2.4,2.4,71.3,12.9,10.9,77.9,16.2,1.8999999999999915,0.7000000000000002,0.0,0.0,0.0,0.0,0.0,0.43500999999999995,84.2
42101004202,22.7,9.4,75.9,69.2,6.7,6.5,15.3,15.3,0.6,0.6,0.0,0.0,0.6,0.0,1.0,1.0,66.2,15.2,4.6,77.9,23.8,6.700000000000003,0.20000000000000018,0.0,0.0,0.0,0.6,0.0,0.489837,81.4
42101005400,10.6,34.4,17.7,16.3,68.6,67.0,8.5,8.5,0.0,0.0,0.0,0.0,0.6,0.0,4.6,4.6,6.7,1.7,4.5,31.1,7.8,1.3999999999999986,1.5999999999999943,0.0,0.0,0.0,0.6,0.0,0.514702,8.4
42101005500,18.7,20.9,10.9,10.6,85.1,84.7,3.2,3.2,0.0,0.0,0.0,0.0,0.3,0.0,0.5,0.5,8.0,11.5,5.8,68.1,17.0,0.3000000000000007,0.3999999999999915,0.0,0.0,0.0,0.3,0.0,0.27027199999999996,19.5
42101005600,33.3,23.5,6.7,6.2,86.3,85.7,3.6,3.6,0.0,0.0,0.0,0.0,0.1,0.0,3.3,3.3,8.3,1.8,10.1,18.0,37.6,0.5,0.5999999999999943,0.0,0.0,0.0,0.1,0.0,0.25926,10.100000000000001
42101006000,22.6,8.8,17.8,17.1,74.7,74.3,6.0,6.0,0.2,0.2,0.0,0.0,0.4,0.0,0.9,0.2,11.2,25.4,10.2,63.4,19.7,0.6999999999999993,0.4000000000000057,0.0,0.0,0.0,0.4,0.7,0.41497200000000006,36.599999999999994
42101006100,24.4,13.2,12.9,12.1,73.4,73.0,12.6,12.0,0.0,0.0,0.0,0.0,0.2,0.0,0.8,0.8,22.5,33.8,6.9,66.9,30.6,0.8000000000000007,0.4000000000000057,0.5999999999999996,0.0,0.0,0.2,0.0,0.43687500000000007,56.3
42101006200,28.5,14.9,9.2,6.9,87.0,86.8,2.9,2.9,0.4,0.4,0.0,0.0,0.0,0.0,0.5,0.4,33.5,43.8,12.5,59.8,46.4,2.299999999999999,0.20000000000000284,0.0,0.0,0.0,0.0,0.09999999999999998,0.240408,77.3
42101006300,43.5,8.7,13.3,8.0,71.6,70.4,11.8,11.8,0.0,0.0,0.0,0.0,1.2,0.0,2.2,2.2,27.2,33.2,21.8,29.5,32.2,5.300000000000001,1.1999999999999886,0.0,0.0,0.0,1.2,0.0,0.4814789999999998,60.400000000000006
42101006400,32.1,13.0,7.6,7.6,78.1,77.5,11.5,11.5,0.3,0.3,0.0,0.0,0.0,0.0,2.5,2.5,29.4,42.1,21.0,62.2,23.7,0.0,0.5999999999999943,0.0,0.0,0.0,0.0,0.0,0.37970399999999993,71.5
42101006500,36.7,9.3,2.2,0.8,92.7,92.1,1.4,1.4,0.5,0.3,0.0,0.0,0.2,0.2,3.1,1.8,34.6,47.6,20.8,53.6,15.8,1.4000000000000001,0.6000000000000085,0.0,0.2,0.0,0.0,1.3,0.15175700000000014,82.2
42101006600,36.7,4.5,3.1,3.1,81.0,81.0,14.0,14.0,0.0,0.0,0.0,0.0,0.6,0.6,1.2,1.2,29.7,36.3,18.7,35.0,16.6,0.0,0.0,0.0,0.0,0.0,0.0,0.0,0.322159,66.0
42101006700,36.3,9.5,13.5,12.3,74.1,72.5,6.7,6.7,0.0,0.0,0.0,0.0,3.5,0.0,2.2,2.2,36.3,35.9,19.5,47.8,31.3,1.1999999999999993,1.5999999999999943,0.0,0.0,0.0,3.5,0.0,0.45264799999999994,72.19999999999999
42101006900,44.5,5.1,1.3,0.3,95.4,95.4,0.0,0.0,0.3,0.3,0.0,0.0,3.0,0.0,0.0,0.0,13.1,40.7,16.7,32.0,20.4,1.0,0.0,0.0,0.0,0.0,3.0,0.0,0.08886599999999993,53.800000000000004
42101007000,33.0,10.5,3.1,2.8,91.8,91.8,0.0,0.0,0.0,0.0,0.0,0.0,0.0,0.0,5.1,4.8,39.2,47.3,14.1,55.6,21.2,0.30000000000000027,0.0,0.0,0.0,0.0,0.0,0.2999999999999998,0.15417000000000008,86.5
42101007101,22.5,8.4,5.0,4.8,93.0,92.0,0.2,0.2,0.0,0.0,0.0,0.0,1.7,1.4,0.0,0.0,27.5,53.1,14.3,59.1,20.3,0.20000000000000018,1.0,0.0,0.0,0.0,0.30000000000000004,0.0,0.14998299999999998,80.6
42101007102,34.8,8.3,1.2,0.9,97.5,97.5,1.1,1.1,0.0,0.0,0.0,0.0,0.0,0.0,0.2,0.2,27.9,59.0,12.3,58.9,17.1,0.29999999999999993,0.0,0.0,0.0,0.0,0.0,0.0,0.04916000000000002,86.9
42101007200,36.7,8.5,2.8,1.9,96.5,96.5,0.1,0.1,0.0,0.0,0.0,0.0,0.0,0.0,0.6,0.6,43.7,39.7,23.5,63.6,20.9,0.8999999999999999,0.0,0.0,0.0,0.0,0.0,0.0,0.06829600000000002,83.4
42101007300,31.3,5.4,3.1,2.6,94.8,94.8,0.0,0.0,0.0,0.0,0.0,0.0,0.0,0.0,2.1,2.1,34.0,48.1,16.4,42.9,15.5,0.5,0.0,0.0,0.0,0.0,0.0,0.0,0.10015400000000005,82.1
42101007400,37.3,15.7,9.4,8.6,87.9,87.7,1.6,1.6,0.0,0.0,0.0,0.0,0.4,0.0,0.7,0.5,36.6,43.2,17.7,50.5,17.0,0.8000000000000007,0.20000000000000284,0.0,0.0,0.0,0.4,0.19999999999999996,0.22310600000000005,79.80000000000001
42101007700,51.1,38.6,48.4,46.0,23.3,22.8,22.5,22.5,0.0,0.0,0.5,0.5,0.3,0.2,5.0,5.0,45.2,10.1,15.5,17.4,4.8,2.3999999999999986,0.5,0.0,0.0,0.0,0.09999999999999998,0.0,0.68266,55.300000000000004
42101007800,22.9,63.1,56.5,52.6,27.1,27.1,5.2,5.2,0.6,0.0,0.0,0.0,1.7,1.2,8.9,8.9,51.4,31.1,17.0,22.2,12.0,3.8999999999999986,0.0,0.0,0.6,0.0,0.5,0.0,0.637532,82.5
42101007900,17.3,62.2,51.4,49.5,34.0,33.1,6.5,6.5,0.0,0.0,0.0,0.0,1.8,0.9,6.3,6.3,56.6,21.1,9.1,36.9,19.3,1.8999999999999986,0.8999999999999986,0.0,0.0,0.0,0.9,0.0,0.6366160000000001,77.7
42101008000,30.9,24.0,14.7,13.2,75.0,73.9,2.9,2.9,2.3,0.1,0.0,0.0,0.7,0.3,4.5,4.2,53.9,32.2,20.7,51.7,21.6,1.5,1.0999999999999943,0.0,2.1999999999999997,0.0,0.39999999999999997,0.2999999999999998,0.43398499999999995,86.1
42101008101,32.8,13.4,0.3,0.0,97.2,96.5,0.0,0.0,0.0,0.0,0.0,0.0,0.4,0.4,2.1,2.1,37.0,47.1,18.8,46.9,12.8,0.3,0.7000000000000028,0.0,0.0,0.0,0.0,0.0,0.06826000000000006,84.1
42101008102,28.7,9.9,0.1,0.1,96.9,95.2,0.0,0.0,1.1,0.7,0.0,0.0,0.2,0.0,1.8,1.8,46.9,41.3,15.2,67.1,19.1,0.0,1.7000000000000028,0.0,0.40000000000000013,0.0,0.2,0.0,0.09401299999999997,88.19999999999999
42101008200,21.9,15.3,0.2,0.2,98.6,98.5,0.0,0.0,0.0,0.0,0.0,0.0,0.0,0.0,1.2,1.2,48.7,39.4,14.8,74.6,20.9,0.0,0.09999999999999432,0.0,0.0,0.0,0.0,0.0,0.029625999999999958,88.1
42101008301,25.4,9.0,1.6,1.4,95.3,95.3,1.2,1.2,0.0,0.0,0.0,0.0,1.0,0.0,0.8,0.8,63.5,20.8,16.4,50.6,20.6,0.20000000000000018,0.0,0.0,0.0,0.0,1.0,0.0,0.09028300000000004,84.3
42101008302,32.8,7.2,0.3,0.3,94.4,92.5,2.1,2.1,0.0,0.0,0.0,0.0,0.3,0.3,2.9,2.9,57.8,34.2,27.2,52.7,25.4,0.0,1.9000000000000057,0.0,0.0,0.0,0.0,0.0,0.142714,92.0
42101008400,45.5,16.5,2.8,1.7,93.5,92.1,0.3,0.3,0.0,0.0,0.0,0.0,0.8,0.8,2.6,2.6,58.2,22.6,16.1,56.5,26.8,1.0999999999999999,1.4000000000000057,0.0,0.0,0.0,0.0,0.0,0.15040400000000012,80.80000000000001
42101008500,27.8,14.0,4.5,4.0,95.1,92.7,0.0,0.0,0.2,0.2,0.0,0.0,0.0,0.0,0.1,0.1,56.5,20.3,24.7,48.1,24.7,0.5,2.3999999999999915,0.0,0.0,0.0,0.0,0.0,0.13746499999999987,76.8
42101008601,25.3,59.2,54.6,53.9,34.3,34.3,5.1,5.1,1.3,0.6,0.0,0.0,0.8,0.8,3.9,3.9,54.1,20.7,9.1,30.6,13.4,0.7000000000000028,0.0,0.0,0.7000000000000001,0.0,0.0,0.0,0.5875100000000001,74.8
42101008602,41.8,23.9,17.4,17.0,75.3,73.8,2.0,2.0,0.0,0.0,0.0,0.0,5.3,0.0,0.0,0.0,49.4,30.8,23.8,19.0,27.2,0.3999999999999986,1.5,0.0,0.0,0.0,5.3,0.0,0.423006,80.2
42101008701,40.4,58.5,53.0,43.5,10.5,10.5,22.9,22.9,0.4,0.4,0.0,0.0,4.9,0.0,8.3,7.9,70.0,8.5,4.5,14.6,19.4,9.5,0.0,0.0,0.0,0.0,4.9,0.40000000000000036,0.7296100000000001,78.5
42101008702,51.2,77.6,48.9,45.9,19.2,19.1,24.9,24.9,0.1,0.1,0.0,0.0,1.8,1.3,5.1,5.1,59.2,14.8,13.1,12.9,11.2,3.0,0.09999999999999787,0.0,0.0,0.0,0.5,0.0,0.68714,74.0
42101008801,52.5,59.7,62.6,56.6,9.0,9.0,21.0,21.0,0.9,0.9,1.4,1.4,0.9,0.0,4.0,3.6,57.8,0.0,0.0,0.0,0.0,6.0,0.0,0.0,0.0,0.0,0.9,0.3999999999999999,0.6201739999999999,57.8
42101008802,80.3,54.6,64.7,59.7,8.1,7.9,20.1,20.0,0.0,0.0,0.0,0.0,5.1,4.4,2.0,1.9,48.8,4.9,9.7,5.7,3.3,5.0,0.1999999999999993,0.10000000000000142,0.0,0.0,0.6999999999999993,0.10000000000000009,0.592498,53.699999999999996
42101009000,67.3,75.7,64.8,61.9,6.6,6.4,22.0,21.9,0.0,0.0,0.0,0.0,1.9,0.8,4.7,4.1,52.1,11.4,14.5,8.1,1.6,2.8999999999999986,0.1999999999999993,0.10000000000000142,0.0,0.0,1.0999999999999999,0.6000000000000005,0.562034,63.5
42101009100,50.4,32.0,31.3,30.1,46.5,46.1,20.3,20.3,0.1,0.1,0.0,0.0,0.0,0.0,1.8,1.4,46.8,3.7,14.1,19.3,9.7,1.1999999999999993,0.3999999999999986,0.0,0.0,0.0,0.0,0.40000000000000013,0.655296,50.5
42101009200,48.6,24.0,15.4,15.4,69.3,69.3,13.4,13.1,0.0,0.0,0.0,0.0,0.0,0.0,1.9,1.9,25.8,13.7,18.7,27.8,30.1,0.0,0.0,0.3000000000000007,0.0,0.0,0.0,0.0,0.47850400000000004,39.5
42101009300,30.7,9.9,2.7,2.7,95.5,93.0,0.5,0.5,0.2,0.2,0.0,0.0,0.0,0.0,1.1,1.1,64.6,8.3,29.5,50.5,20.0,0.0,2.5,0.0,0.0,0.0,0.0,0.0,0.13359599999999996,72.89999999999999
42101009400,42.6,7.9,1.0,1.0,95.7,94.9,0.3,0.3,0.0,0.0,0.0,0.0,0.7,0.7,2.3,1.7,36.7,7.5,12.5,30.1,26.9,0.0,0.7999999999999972,0.0,0.0,0.0,0.0,0.5999999999999999,0.09885199999999991,44.2
42101009500,45.7,6.8,0.6,0.6,97.2,97.1,0.0,0.0,1.1,0.7,0.0,0.0,0.0,0.0,1.0,1.0,42.7,31.3,20.0,59.3,11.6,0.0,0.10000000000000853,0.0,0.40000000000000013,0.0,0.0,0.0,0.05595700000000011,74.0
42101009600,32.6,10.9,1.8,1.6,95.5,94.7,1.2,1.2,0.0,0.0,0.0,0.0,0.9,0.0,0.6,0.6,58.6,17.6,23.6,46.7,25.3,0.19999999999999996,0.7999999999999972,0.0,0.0,0.0,0.9,0.0,0.10260599999999992,76.2
42101009801,20.5,22.3,17.4,17.2,77.0,76.3,3.4,3.4,0.2,0.2,0.0,0.0,0.3,0.3,1.8,1.8,19.7,22.0,7.2,50.6,35.2,0.1999999999999993,0.7000000000000028,0.0,0.0,0.0,0.0,0.0,0.387701,41.7
42101009802,17.1,27.4,11.0,10.5,86.5,86.5,1.1,1.1,0.0,0.0,0.0,0.0,0.0,0.0,1.3,0.8,10.8,27.4,11.7,77.5,40.6,0.5,0.0,0.0,0.0,0.0,0.0,0.5,0.239515,38.2
42101010000,31.7,8.2,10.6,10.3,87.8,87.4,0.7,0.7,0.0,0.0,0.0,0.0,0.0,0.0,0.9,0.9,35.7,20.8,11.3,59.0,32.2,0.29999999999999893,0.3999999999999915,0.0,0.0,0.0,0.0,0.0,0.22535999999999984,56.5
42101010100,33.7,11.1,9.5,1.2,85.8,84.0,0.0,0.0,1.3,1.3,0.0,0.0,0.9,0.0,2.5,2.5,54.5,20.9,16.8,57.6,21.2,8.3,1.7999999999999972,0.0,0.0,0.0,0.9,0.0,0.286168,75.4
42101010200,60.2,13.1,0.6,0.6,98.6,96.4,0.0,0.0,0.3,0.3,0.0,0.0,0.0,0.0,0.5,0.5,46.7,28.1,16.3,46.3,27.0,0.0,2.1999999999999886,0.0,0.0,0.0,0.0,0.0,0.07014999999999982,74.80000000000001
42101010300,38.4,9.6,0.3,0.0,93.1,93.1,0.0,0.0,0.0,0.0,0.0,0.0,4.3,0.0,2.3,2.3,54.7,26.5,25.0,41.1,26.2,0.3,0.0,0.0,0.0,0.0,4.3,0.0,0.13085200000000002,81.2
42101010400,30.2,4.6,2.7,2.7,96.3,95.1,0.1,0.1,0.0,0.0,0.0,0.0,0.1,0.0,0.7,0.7,50.0,11.8,20.5,44.4,32.0,0.0,1.2000000000000028,0.0,0.0,0.0,0.1,0.0,0.09367500000000006,61.8
42101010500,35.2,7.1,6.2,5.7,91.6,89.1,0.0,0.0,0.0,0.0,0.0,0.0,0.0,0.0,2.2,1.4,20.7,13.9,11.2,30.8,24.2,0.5,2.5,0.0,0.0,0.0,0.0,0.8000000000000003,0.2019600000000001,34.6
42101010600,61.2,9.7,5.3,4.4,91.1,90.0,2.4,2.4,0.0,0.0,0.0,0.0,0.0,0.0,1.3,1.3,30.5,29.2,35.2,31.4,22.5,0.8999999999999995,1.0999999999999943,0.0,0.0,0.0,0.0,0.0,0.18811699999999995,59.7
42101010700,46.0,5.1,3.2,3.2,90.3,88.6,0.4,0.4,0.0,0.0,0.0,0.0,2.0,0.0,4.1,4.1,56.5,12.1,33.8,31.1,31.9,0.0,1.7000000000000028,0.0,0.0,0.0,2.0,0.0,0.2115940000000001,68.6
42101010800,55.1,7.2,5.8,5.8,91.8,91.6,0.0,0.0,0.0,0.0,0.0,0.0,0.3,0.0,2.1,2.1,28.3,16.1,26.7,35.5,17.0,0.0,0.20000000000000284,0.0,0.0,0.0,0.3,0.0,0.15712600000000007,44.400000000000006
42101010900,51.7,16.2,12.8,12.4,82.4,82.2,2.8,2.8,0.0,0.0,0.0,0.0,0.2,0.0,1.8,1.6,41.7,13.2,29.5,26.7,29.9,0.40000000000000036,0.20000000000000284,0.0,0.0,0.0,0.2,0.19999999999999996,0.307872,54.900000000000006
42101011000,44.7,14.0,6.8,6.8,91.1,88.5,0.2,0.2,0.0,0.0,0.0,0.0,1.6,0.0,0.3,0.3,55.8,12.9,29.2,29.9,24.5,0.0,2.5999999999999943,0.0,0.0,0.0,1.6,0.0,0.21120599999999992,68.7
42101011100,47.9,6.3,4.0,4.0,94.4,93.1,0.3,0.3,0.0,0.0,0.0,0.0,0.0,0.0,1.4,0.0,38.7,17.3,26.7,46.0,19.3,0.0,1.3000000000000114,0.0,0.0,0.0,0.0,1.4,0.13226500000000016,56.0
42101011200,35.4,9.7,0.6,0.6,98.4,96.3,0.0,0.0,0.0,0.0,0.0,0.0,0.0,0.0,0.9,0.6,57.9,21.5,19.4,65.1,19.4,0.0,2.1000000000000085,0.0,0.0,0.0,0.0,0.30000000000000004,0.07110900000000012,79.4
42101011300,36.9,12.4,0.0,0.0,99.7,99.7,0.0,0.0,0.0,0.0,0.0,0.0,0.0,0.0,0.3,0.3,61.8,15.3,19.6,65.2,21.3,0.0,0.0,0.0,0.0,0.0,0.0,0.0,0.005982000000000003,77.1
42101011400,25.0,23.7,1.5,1.4,95.2,94.5,2.2,2.2,0.3,0.3,0.3,0.0,0.2,0.0,0.3,0.0,60.6,16.1,8.9,59.5,28.3,0.10000000000000009,0.7000000000000028,0.0,0.0,0.3,0.2,0.3,0.10621400000000006,76.7
42101011500,20.6,23.9,9.7,9.1,86.6,84.8,1.4,1.4,0.0,0.0,0.0,0.0,0.0,0.0,2.3,2.3,45.5,19.4,9.7,76.3,26.7,0.5999999999999996,1.7999999999999972,0.0,0.0,0.0,0.0,0.0,0.27153,64.9
42101011700,28.1,47.3,64.5,62.9,26.1,25.5,3.1,3.1,2.8,2.8,0.0,0.0,1.6,0.0,1.9,1.7,65.4,14.6,12.2,81.0,16.3,1.6000000000000014,0.6000000000000014,0.0,0.0,0.0,1.6,0.19999999999999996,0.536748,80.0
42101011800,11.2,18.2,2.4,2.4,89.6,85.8,1.7,1.7,0.0,0.0,0.0,0.0,2.2,1.2,4.1,4.1,61.7,20.0,8.3,71.3,18.1,0.0,3.799999999999997,0.0,0.0,0.0,1.0000000000000002,0.0,0.259602,81.7
42101011900,31.7,12.6,0.3,0.3,93.7,91.3,2.2,2.2,0.0,0.0,0.0,0.0,1.8,1.8,2.0,0.4,41.0,17.9,15.3,54.6,17.4,0.0,2.4000000000000057,0.0,0.0,0.0,0.0,1.6,0.1647660000000001,58.9
42101012000,15.7,39.7,35.4,32.6,54.5,54.2,3.1,3.1,1.5,1.5,0.0,0.0,1.1,1.1,4.5,4.2,33.3,27.8,8.5,44.3,17.0,2.799999999999997,0.29999999999999716,0.0,0.0,0.0,0.0,0.2999999999999998,0.5970869999999999,61.099999999999994
42101012100,29.7,19.4,22.2,21.4,69.2,67.4,5.2,5.2,0.0,0.0,0.9,0.0,0.5,0.0,2.1,2.1,19.4,28.4,9.1,35.5,17.1,0.8000000000000007,1.7999999999999972,0.0,0.0,0.9,0.5,0.0,0.497289,47.8
42101012201,49.4,36.8,33.9,30.1,35.9,35.4,24.0,24.0,0.0,0.0,0.0,0.0,1.0,0.3,5.3,5.3,9.0,18.7,8.2,0.0,4.7,3.799999999999997,0.5,0.0,0.0,0.0,0.7,0.0,0.7231469999999999,27.7
42101012203,47.8,56.2,45.7,43.9,34.6,34.6,8.7,8.7,5.1,5.1,0.0,0.0,2.8,2.2,3.1,3.1,7.6,21.1,24.9,1.7,6.4,1.8000000000000043,0.0,0.0,0.0,0.0,0.5999999999999996,0.0,0.675588,28.700000000000003
42101012204,28.0,42.5,28.7,27.5,63.6,62.4,6.2,6.2,0.0,0.0,0.0,0.0,0.0,0.0,1.6,1.6,8.9,17.4,11.6,52.1,10.9,1.1999999999999993,1.2000000000000028,0.0,0.0,0.0,0.0,0.0,0.531611,26.299999999999997
42101012500,16.5,72.8,84.4,79.9,5.9,5.9,6.4,6.4,0.8,0.8,0.0,0.0,0.6,0.3,2.0,1.3,5.8,5.0,8.0,13.5,4.6,4.5,0.0,0.0,0.0,0.0,0.3,0.7,0.352697,10.8
42101013100,18.1,37.3,25.1,22.7,62.4,61.3,9.5,9.5,0.0,0.0,0.0,0.0,0.7,0.0,2.3,2.3,20.9,4.3,13.3,31.4,19.6,2.400000000000002,1.1000000000000014,0.0,0.0,0.0,0.7,0.0,0.5624020000000001,25.2
42101013200,37.3,12.7,8.9,7.9,86.6,84.0,3.7,3.7,0.1,0.1,0.0,0.0,0.5,0.0,0.1,0.1,15.4,4.4,12.2,21.4,20.5,1.0,2.5999999999999943,0.0,0.0,0.0,0.5,0.0,0.28498700000000005,19.8
42101013300,34.2,50.4,41.9,37.1,46.5,45.3,4.4,4.4,0.0,0.0,0.0,0.0,4.8,0.0,2.4,2.1,53.1,7.9,10.9,16.0,13.6,4.799999999999997,1.2000000000000028,0.0,0.0,0.0,4.8,0.2999999999999998,0.6500119999999999,61.0
42101013401,5.4,71.6,91.2,89.8,3.0,3.0,3.4,3.4,1.5,1.5,0.0,0.0,0.9,0.0,0.0,0.0,39.8,2.7,5.0,62.4,6.6,1.4000000000000057,0.0,0.0,0.0,0.0,0.9,0.0,0.191038,42.5
42101013402,13.5,73.7,79.2,69.9,10.6,9.6,7.3,7.3,0.0,0.0,0.0,0.0,0.7,0.0,2.2,1.8,62.6,9.1,12.3,39.4,9.1,9.299999999999997,1.0,0.0,0.0,0.0,0.7,0.40000000000000013,0.487716,71.7
42101013500,19.9,54.4,50.7,48.5,33.8,32.2,2.8,2.8,0.0,0.0,0.0,0.0,11.7,0.0,1.0,0.5,58.2,8.7,11.2,50.5,15.2,2.200000000000003,1.5999999999999943,0.0,0.0,0.0,11.7,0.5,0.645828,66.9
42101013601,3.0,82.6,77.1,76.3,10.7,10.7,9.9,9.5,0.0,0.0,0.0,0.0,0.0,0.0,2.3,2.3,62.7,14.9,8.2,72.1,15.8,0.7999999999999972,0.0,0.40000000000000036,0.0,0.0,0.0,0.0,0.396748,77.60000000000001
42101013602,13.9,67.3,77.1,75.9,16.2,16.2,3.6,3.6,0.3,0.0,0.0,0.0,0.0,0.0,2.8,2.3,67.4,11.2,2.8,60.4,14.5,1.1999999999999886,0.0,0.0,0.3,0.0,0.0,0.5,0.3956719999999999,78.60000000000001
42101013700,37.4,25.2,23.3,21.7,74.0,72.5,0.9,0.9,0.0,0.0,0.0,0.0,0.3,0.0,1.5,1.5,60.7,19.0,29.0,56.2,23.2,1.6000000000000014,1.5,0.0,0.0,0.0,0.3,0.0,0.42649000000000004,79.7
42101013800,26.3,12.5,18.3,13.4,77.2,77.2,0.0,0.0,0.4,0.4,0.0,0.0,0.6,0.0,3.4,3.4,66.7,4.0,25.6,35.7,24.4,4.9,0.0,0.0,0.0,0.0,0.6,0.0,0.381451,70.7
42101013900,58.5,8.6,12.1,11.4,84.1,82.0,0.8,0.8,0.0,0.0,0.0,0.0,3.1,0.7,0.0,0.0,24.3,11.7,21.1,11.9,27.2,0.6999999999999993,2.0999999999999943,0.0,0.0,0.0,2.4000000000000004,0.0,0.31442499999999995,36.0
42101014000,45.3,22.9,28.7,27.8,67.2,65.8,1.1,1.1,0.0,0.0,0.0,0.0,1.1,0.4,2.0,2.0,34.8,12.0,29.6,21.0,15.1,0.8999999999999986,1.4000000000000057,0.0,0.0,0.0,0.7000000000000001,0.0,0.4898890000000001,46.8
42101014100,37.7,18.0,21.2,14.4,62.1,61.9,3.3,3.3,0.0,0.0,0.0,0.0,0.6,0.0,12.8,12.8,17.4,4.2,12.2,18.8,18.5,6.799999999999999,0.20000000000000284,0.0,0.0,0.0,0.6,0.0,0.5739660000000001,21.599999999999998
42101014200,8.5,71.0,76.6,67.0,9.3,8.5,3.7,3.7,0.0,0.0,0.0,0.0,5.3,0.0,5.1,3.9,45.3,6.8,7.4,36.7,10.1,9.599999999999994,0.8000000000000007,0.0,0.0,0.0,5.3,1.1999999999999997,0.528752,52.099999999999994
42101014300,13.2,43.4,82.4,79.6,1.9,1.1,8.8,8.4,0.0,0.0,0.0,0.0,2.2,0.0,4.7,1.5,74.8,6.6,11.7,69.5,18.4,2.8000000000000114,0.7999999999999998,0.40000000000000036,0.0,0.0,2.2,3.2,0.35661000000000015,81.39999999999999
42101014400,30.6,29.9,52.7,42.5,13.3,12.1,3.7,3.7,0.0,0.0,0.0,0.0,20.4,1.8,9.9,1.0,55.1,9.6,21.2,46.4,12.1,10.200000000000003,1.200000000000001,0.0,0.0,0.0,18.599999999999998,8.9,0.749876,64.7
42101014500,21.7,13.2,10.3,2.0,67.1,65.6,1.5,1.5,0.0,0.0,0.0,0.0,14.3,0.0,6.8,0.4,17.4,1.0,9.8,33.9,29.8,8.3,1.5,0.0,0.0,0.0,14.3,6.3999999999999995,0.537364,18.4
42101014600,28.5,11.4,36.7,34.4,57.2,57.2,3.8,3.6,0.0,0.0,0.0,0.0,0.6,0.0,1.7,1.3,8.2,1.4,4.7,51.7,14.2,2.3000000000000043,0.0,0.19999999999999973,0.0,0.0,0.6,0.3999999999999999,0.5524300000000001,9.6
42101014700,59.9,20.7,40.3,38.2,48.5,48.2,10.2,10.2,0.8,0.8,0.0,0.0,0.3,0.2,0.0,0.0,38.8,6.5,26.1,25.4,20.9,2.0999999999999943,0.29999999999999716,0.0,0.0,0.0,0.09999999999999998,0.0,0.6118290000000001,45.3
42101014800,43.3,5.8,9.6,9.6,88.7,88.7,0.8,0.8,0.0,0.0,0.0,0.0,0.0,0.0,1.0,0.4,24.3,17.2,15.6,27.3,18.7,0.0,0.0,0.0,0.0,0.0,0.0,0.6,0.20489899999999997,41.5
42101014900,37.8,5.6,3.3,3.3,83.5,83.5,3.4,2.4,0.0,0.0,0.0,0.0,0.0,0.0,9.8,0.7,78.2,11.5,26.7,35.4,13.9,0.0,0.0,1.0,0.0,0.0,0.0,9.100000000000001,0.29268000000000005,89.7
42101015101,46.6,15.5,4.2,3.2,92.2,92.2,0.0,0.0,0.0,0.0,0.0,0.0,1.2,0.0,2.4,2.4,73.7,10.2,29.7,33.8,24.3,1.0,0.0,0.0,0.0,0.0,1.2,0.0,0.14807199999999998,83.9
42101015102,53.9,9.4,0.8,0.6,93.4,92.5,0.7,0.7,0.8,0.8,0.0,0.0,0.6,0.5,3.6,0.9,59.3,19.9,26.7,29.4,16.4,0.20000000000000007,0.9000000000000057,0.0,0.0,0.0,0.09999999999999998,2.7,0.14230500000000004,79.19999999999999
42101015200,61.3,2.9,5.0,4.2,91.2,90.6,0.0,0.0,0.0,0.0,0.0,0.0,3.1,0.0,0.7,0.6,41.4,13.6,23.0,29.3,38.9,0.7999999999999998,0.6000000000000085,0.0,0.0,0.0,3.1,0.09999999999999998,0.17630200000000015,55.0
42101015300,66.0,20.8,56.3,54.6,35.9,35.9,4.2,3.7,0.0,0.0,0.0,0.0,0.2,0.2,3.4,3.4,37.4,12.5,34.7,27.5,8.9,1.6999999999999957,0.0,0.5,0.0,0.0,0.0,0.0,0.5701599999999999,49.9
42101015600,42.7,12.4,32.7,13.9,15.3,14.9,0.4,0.4,0.0,0.0,0.0,0.0,45.2,0.0,6.4,3.2,49.3,23.5,11.9,44.6,17.3,18.800000000000004,0.40000000000000036,0.0,0.0,0.0,45.2,3.2,0.7167500000000001,72.8
42101015700,27.0,23.3,51.3,35.2,3.6,3.6,4.4,4.4,1.8,1.1,1.2,1.2,33.6,0.0,4.1,2.2,54.3,13.2,17.8,46.1,23.9,16.099999999999994,0.0,0.0,0.7,0.0,33.6,1.8999999999999995,0.7328879999999999,67.5
42101015800,21.5,38.3,95.9,93.8,1.7,1.7,1.0,1.0,0.0,0.0,0.0,0.0,0.6,0.0,0.9,0.9,76.9,5.7,7.9,65.3,9.5,2.1000000000000085,0.0,0.0,0.0,0.0,0.6,0.0,0.12020900000000014,82.60000000000001
42101016000,17.1,32.8,88.1,86.7,1.9,1.9,4.6,4.6,0.0,0.0,0.0,0.0,1.6,0.4,3.7,1.3,79.0,7.4,16.9,67.2,14.7,1.3999999999999915,0.0,0.0,0.0,0.0,1.2000000000000002,2.4000000000000004,0.24373299999999992,86.4
42101016100,36.3,24.1,54.6,40.5,8.7,8.0,17.7,16.8,1.1,1.1,0.0,0.0,17.6,0.0,0.4,0.4,67.4,13.3,18.8,50.6,19.3,14.100000000000001,0.6999999999999993,0.8999999999999986,0.0,0.0,17.6,0.0,0.751227,80.7
42101016200,50.6,7.3,29.2,6.2,21.8,10.7,0.0,0.0,0.0,0.0,0.0,0.0,44.4,0.0,4.6,0.0,59.6,11.7,16.4,40.9,26.9,23.0,11.100000000000001,0.0,0.0,0.0,44.4,4.6,0.720234,71.3
42101016300,66.3,5.8,31.7,3.7,11.6,9.3,12.6,12.6,0.6,0.6,0.0,0.0,41.7,0.0,1.8,0.1,61.1,3.8,12.5,34.4,30.2,28.0,2.299999999999999,0.0,0.0,0.0,41.7,1.7,0.7209619999999999,64.9
42101016400,61.3,0.2,14.2,0.6,56.7,48.7,0.0,0.0,0.2,0.0,0.0,0.0,26.0,0.0,2.8,0.4,52.6,15.1,20.3,33.8,25.5,13.6,8.0,0.0,0.2,0.0,26.0,2.4,0.668703,67.7
42101016500,56.6,5.4,4.6,0.3,74.7,71.1,0.0,0.0,0.0,0.0,0.0,0.0,17.4,0.0,3.2,2.6,50.9,9.8,30.1,32.1,22.4,4.3,3.6000000000000085,0.0,0.0,0.0,17.4,0.6000000000000001,0.4593370000000001,60.7
42101016600,52.0,7.7,20.0,18.2,76.4,74.3,0.6,0.6,0.0,0.0,0.0,0.0,2.3,0.0,0.8,0.8,61.2,16.9,24.8,29.0,11.4,1.8000000000000007,2.1000000000000085,0.0,0.0,0.0,2.3,0.0,0.41443300000000016,78.1
42101016701,44.3,5.6,0.8,0.8,97.5,97.5,1.0,1.0,0.5,0.5,0.0,0.0,0.0,0.0,0.2,0.2,57.6,26.9,33.6,55.7,17.4,0.0,0.0,0.0,0.0,0.0,0.0,0.0,0.04918200000000002,84.5
42101016702,39.5,2.5,8.2,8.2,89.5,89.5,0.0,0.0,1.4,1.4,0.0,0.0,0.0,0.0,0.9,0.0,64.3,15.3,23.1,50.6,21.5,0.0,0.0,0.0,0.0,0.0,0.0,0.9,0.191974,79.6
42101016800,33.6,7.8,4.1,4.1,93.7,93.1,0.0,0.0,0.4,0.4,0.0,0.0,0.0,0.0,1.8,1.8,58.5,18.3,24.3,50.2,24.6,0.0,0.6000000000000085,0.0,0.0,0.0,0.0,0.0,0.13118200000000013,76.8
42101016901,41.9,2.2,1.7,1.6,96.0,96.0,0.2,0.2,0.0,0.0,0.0,0.0,0.0,0.0,2.1,2.1,71.9,16.3,25.9,52.1,22.5,0.09999999999999987,0.0,0.0,0.0,0.0,0.0,0.0,0.07769800000000003,88.2
42101016902,35.4,6.5,2.7,1.3,97.1,91.6,0.0,0.0,0.0,0.0,0.0,0.0,0.0,0.0,0.2,0.2,57.5,19.1,28.9,40.5,29.3,1.4000000000000001,5.5,0.0,0.0,0.0,0.0,0.0,0.15755000000000008,76.6
42101017000,26.5,16.4,18.6,16.8,76.2,75.9,3.3,3.3,0.0,0.0,0.0,0.0,1.1,0.0,0.7,0.4,37.3,22.8,8.5,37.7,16.3,1.8000000000000007,0.29999999999999716,0.0,0.0,0.0,1.1,0.29999999999999993,0.393127,60.099999999999994
42101017100,31.6,5.2,2.2,0.9,94.5,94.5,0.0,0.0,0.7,0.7,0.0,0.0,0.9,0.0,1.6,0.8,56.7,20.0,17.7,73.4,21.8,1.3000000000000003,0.0,0.0,0.0,0.0,0.9,0.8,0.10546700000000005,76.7
42101017201,50.8,3.7,2.1,2.1,95.0,95.0,0.0,0.0,0.0,0.0,0.0,0.0,0.1,0.0,2.8,2.3,57.8,31.9,25.5,60.8,27.3,0.0,0.0,0.0,0.0,0.0,0.1,0.5,0.09650400000000003,89.69999999999999
42101017202,45.1,4.6,4.7,0.7,93.4,93.4,1.4,1.4,0.0,0.0,0.0,0.0,0.0,0.0,0.4,0.4,60.9,19.0,32.5,56.1,23.5,4.0,0.0,0.0,0.0,0.0,0.0,0.0,0.12478299999999995,79.9
42101017300,48.0,8.7,2.1,0.6,96.7,94.7,0.2,0.2,0.0,0.0,0.0,0.0,0.5,0.0,0.6,0.2,55.0,22.6,17.3,54.3,19.6,1.5,2.0,0.0,0.0,0.0,0.5,0.39999999999999997,0.10348099999999993,77.6
42101017400,50.4,3.3,1.3,0.7,93.3,93.3,0.0,0.0,1.2,0.0,0.0,0.0,4.1,0.0,0.0,0.0,52.5,7.8,20.7,55.9,20.0,0.6000000000000001,0.0,0.0,1.2,0.0,4.1,0.0,0.12660100000000005,60.3
42101017500,58.9,2.5,23.5,0.7,34.5,26.6,0.0,0.0,0.0,0.0,0.0,0.0,39.7,0.0,2.3,2.3,42.0,27.6,13.7,46.9,28.4,22.8,7.899999999999999,0.0,0.0,0.0,39.7,0.0,0.712832,69.6
42101017601,59.6,2.6,30.7,3.6,12.2,4.8,0.0,0.0,0.3,0.0,0.0,0.0,53.9,0.0,3.0,0.0,61.2,10.0,17.8,49.4,32.0,27.099999999999998,7.3999999999999995,0.0,0.3,0.0,53.9,3.0,0.6270529999999999,71.2
42101017602,61.4,3.2,34.8,11.0,14.0,5.0,0.4,0.4,0.2,0.1,0.0,0.0,45.5,0.3,5.1,0.5,54.1,15.3,10.9,42.6,41.5,23.799999999999997,9.0,0.0,0.1,0.0,45.2,4.6,0.7141839999999999,69.4
42101017701,46.1,2.6,26.2,9.6,31.4,28.3,1.4,0.6,0.0,0.0,0.0,0.0,35.6,0.5,5.4,1.4,59.0,9.4,29.0,37.1,32.2,16.6,3.099999999999998,0.7999999999999999,0.0,0.0,35.1,4.0,0.757056,68.4
42101017702,71.0,5.9,29.6,8.3,23.2,16.9,1.1,1.1,0.0,0.0,0.0,0.0,39.1,0.0,7.0,1.8,62.3,7.6,14.7,38.9,43.8,21.3,6.300000000000001,0.0,0.0,0.0,39.1,5.2,0.759182,69.89999999999999
42101017800,58.3,2.6,29.3,17.7,26.1,21.2,6.5,6.5,0.4,0.0,0.0,0.0,33.9,0.4,3.8,1.5,67.6,9.0,18.0,41.3,34.2,11.600000000000001,4.900000000000002,0.0,0.4,0.0,33.5,2.3,0.7906340000000001,76.6
42101017900,38.8,11.1,44.0,37.1,41.1,35.8,0.5,0.5,1.3,0.0,0.3,0.0,8.5,0.0,4.3,3.2,73.8,4.5,9.1,48.7,29.9,6.899999999999999,5.300000000000004,0.0,1.3,0.3,8.5,1.0999999999999996,0.718052,78.3
42101018001,23.9,17.4,93.4,91.0,1.5,1.5,1.3,1.3,0.0,0.0,0.0,0.0,0.0,0.0,3.8,1.6,65.7,7.3,13.2,65.4,30.5,2.4000000000000057,0.0,0.0,0.0,0.0,0.0,2.1999999999999997,0.17019000000000004,73.0
42101018002,20.8,20.3,94.9,90.9,0.0,0.0,0.0,0.0,0.0,0.0,0.0,0.0,1.0,0.0,4.1,1.0,70.8,10.0,11.1,71.0,20.6,4.0,0.0,0.0,0.0,0.0,1.0,3.0999999999999996,0.17095799999999997,80.8
42101018300,15.7,15.4,99.3,99.1,0.4,0.1,0.3,0.3,0.0,0.0,0.0,0.0,0.0,0.0,0.0,0.0,58.3,11.3,6.4,79.7,22.7,0.20000000000000284,0.30000000000000004,0.0,0.0,0.0,0.0,0.0,0.017896000000000037,69.6
42101018400,13.6,19.7,94.0,90.1,0.1,0.1,1.8,1.8,0.0,0.0,0.0,0.0,0.9,0.0,3.1,3.1,77.6,7.9,4.4,79.8,24.7,3.9000000000000057,0.0,0.0,0.0,0.0,0.9,0.0,0.18431100000000014,85.5
42101018800,61.5,3.6,44.3,23.4,31.5,24.5,1.3,1.3,0.5,0.0,0.0,0.0,16.9,0.0,5.6,3.3,59.5,12.1,17.1,54.4,47.2,20.9,7.0,0.0,0.5,0.0,16.9,2.3,0.807265,71.6
42101019000,39.7,7.2,34.0,9.7,20.6,13.8,4.6,4.6,0.0,0.0,0.2,0.0,30.5,1.8,10.0,3.3,30.2,18.0,9.2,50.0,46.3,24.3,6.800000000000001,0.0,0.0,0.2,28.7,6.7,0.8164830000000001,48.2
42101019100,33.0,8.2,42.3,18.4,13.9,12.7,12.6,12.2,0.0,0.0,0.8,0.0,29.2,0.0,1.1,0.0,18.7,22.7,5.1,66.8,35.2,23.9,1.200000000000001,0.40000000000000036,0.0,0.8,29.2,1.1,0.791401,41.4
42101019200,51.0,5.2,29.6,5.1,37.6,27.8,1.4,1.4,4.6,4.6,0.2,0.0,23.3,0.0,3.2,1.8,64.5,6.2,16.9,36.8,53.4,24.5,9.8,0.0,0.0,0.2,23.3,1.4000000000000001,0.7923610000000001,70.7
42101019501,61.4,0.4,35.8,2.6,13.4,10.5,0.0,0.0,4.6,1.0,0.2,0.0,41.0,0.0,4.9,0.0,38.2,4.0,6.2,27.7,36.9,33.199999999999996,2.9000000000000004,0.0,3.5999999999999996,0.2,41.0,4.9,0.7043330000000001,42.2
42101019502,62.4,0.9,50.4,11.7,18.2,17.1,0.0,0.0,0.0,0.0,0.0,0.0,29.8,0.0,1.6,0.0,63.2,9.6,19.6,37.2,35.5,38.7,1.0999999999999979,0.0,0.0,0.0,29.8,1.6,0.7181199999999999,72.8
42101019700,53.5,5.3,18.3,2.8,47.8,37.7,1.3,1.3,0.2,0.0,0.0,0.0,30.1,0.0,2.4,0.1,63.5,13.2,6.9,47.9,32.9,15.5,10.099999999999994,0.0,0.2,0.0,30.1,2.3,0.732557,76.7
42101019800,48.1,3.1,18.1,1.3,35.5,28.0,2.8,1.9,1.1,0.5,2.0,0.0,33.4,0.0,7.1,0.6,52.8,19.1,9.0,47.2,33.7,16.8,7.5,0.8999999999999999,0.6000000000000001,2.0,33.4,6.5,0.7708619999999999,71.9
42101019900,58.9,5.6,22.4,1.0,38.8,35.3,0.0,0.0,2.8,0.1,0.0,0.0,31.7,0.0,4.3,1.0,53.0,11.8,20.3,53.0,35.0,21.4,3.5,0.0,2.6999999999999997,0.0,31.7,3.3,0.725862,64.8
42101020000,44.0,14.9,13.3,2.2,77.7,75.0,4.7,4.7,0.0,0.0,0.0,0.0,2.4,0.0,1.9,0.0,49.9,11.9,34.8,31.5,26.7,11.100000000000001,2.700000000000003,0.0,0.0,0.0,2.4,1.9,0.4208200000000001,61.8
42101020101,33.6,5.9,1.1,0.6,97.0,94.5,1.9,1.9,0.0,0.0,0.0,0.0,0.0,0.0,0.0,0.0,26.1,22.3,27.4,38.8,11.9,0.5000000000000001,2.5,0.0,0.0,0.0,0.0,0.0,0.10592800000000004,48.400000000000006
42101020102,31.9,8.5,4.1,4.1,92.4,90.8,0.0,0.0,0.0,0.0,0.0,0.0,0.7,0.0,2.9,1.9,59.4,12.8,23.9,45.2,25.6,0.0,1.6000000000000085,0.0,0.0,0.0,0.7,1.0,0.17408900000000013,72.2
42101020200,31.4,6.4,3.1,2.9,96.7,96.7,0.0,0.0,0.0,0.0,0.0,0.0,0.2,0.0,0.0,0.0,55.6,15.7,19.1,37.5,15.0,0.20000000000000018,0.0,0.0,0.0,0.0,0.2,0.0,0.06406199999999992,71.3
42101020300,45.0,8.5,1.5,0.6,97.0,97.0,0.0,0.0,0.0,0.0,0.0,0.0,0.6,0.2,0.9,0.9,53.1,15.1,26.7,41.2,30.6,0.9,0.0,0.0,0.0,0.0,0.39999999999999997,0.0,0.058882000000000025,68.2
42101020400,30.7,5.6,0.5,0.5,94.7,94.7,0.0,0.0,0.7,0.7,0.0,0.0,2.4,0.0,1.5,1.5,44.9,18.0,18.0,48.3,17.5,0.0,0.0,0.0,0.0,0.0,2.4,0.0,0.10031599999999993,62.9
42101020500,21.4,4.3,9.4,5.2,81.8,80.7,2.4,2.4,2.5,2.5,0.0,0.0,1.0,0.8,2.9,2.9,39.0,15.1,16.0,50.6,17.9,4.2,1.0999999999999943,0.0,0.0,0.0,0.19999999999999996,0.0,0.34205199999999986,54.1
42101020600,27.6,61.0,50.6,46.9,35.1,34.7,7.8,7.8,0.6,0.6,0.0,0.0,3.0,2.2,3.0,2.3,33.5,5.5,12.9,25.7,11.6,3.700000000000003,0.3999999999999986,0.0,0.0,0.0,0.7999999999999998,0.7000000000000002,0.651999,39.0
42101020700,8.2,53.6,79.3,76.3,12.9,12.9,4.7,4.7,0.0,0.0,0.1,0.1,1.8,0.0,1.2,1.2,61.3,12.8,12.5,60.5,18.3,3.0,0.0,0.0,0.0,0.0,1.8,0.0,0.397612,74.1
42101020800,23.1,55.5,50.8,50.1,32.7,32.4,13.1,12.7,0.0,0.0,0.0,0.0,1.8,0.0,1.6,1.6,26.5,12.7,17.4,28.3,10.5,0.6999999999999957,0.30000000000000426,0.40000000000000036,0.0,0.0,1.8,0.0,0.62724,39.2
42101020900,12.3,52.9,91.4,88.5,3.2,2.8,3.3,3.3,0.0,0.0,0.0,0.0,0.0,0.0,2.1,2.1,57.0,7.0,15.3,51.0,19.1,2.9000000000000057,0.40000000000000036,0.0,0.0,0.0,0.0,0.0,0.21360400000000002,64.0
42101021000,22.6,52.2,91.4,90.2,5.7,5.7,1.2,1.2,0.0,0.0,0.0,0.0,0.0,0.0,1.7,0.8,65.5,4.1,11.6,64.3,16.2,1.2000000000000028,0.0,0.0,0.0,0.0,0.0,0.8999999999999999,0.18271400000000002,69.6
42101021100,10.1,49.0,83.8,81.3,6.7,6.3,5.1,5.1,0.0,0.0,0.0,0.0,0.4,0.4,4.0,4.0,32.7,11.7,7.5,57.2,20.7,2.5,0.40000000000000036,0.0,0.0,0.0,0.0,0.0,0.330204,44.400000000000006
42101021200,13.4,35.1,79.6,77.1,7.3,6.9,5.7,5.7,0.0,0.0,0.0,0.0,5.0,0.5,2.4,2.4,42.2,10.2,4.5,65.8,26.4,2.5,0.39999999999999947,0.0,0.0,0.0,4.5,0.0,0.394282,52.400000000000006
42101021300,10.7,40.8,92.1,89.9,4.1,4.1,1.6,1.6,0.0,0.0,0.0,0.0,0.0,0.0,2.2,0.9,65.1,7.2,12.5,64.8,16.5,2.1999999999999886,0.0,0.0,0.0,0.0,0.0,1.3000000000000003,0.18912799999999988,72.3
42101021400,22.3,53.3,86.9,82.9,12.6,11.8,0.0,0.0,0.0,0.0,0.0,0.0,0.0,0.0,0.5,0.2,67.6,10.4,18.0,43.4,7.4,4.0,0.7999999999999989,0.0,0.0,0.0,0.0,0.3,0.2971579999999999,78.0
42101021500,13.9,55.0,89.2,86.4,2.1,2.1,5.9,5.9,0.0,0.0,0.0,0.0,0.5,0.0,2.2,2.2,40.6,6.0,10.8,58.2,17.4,2.799999999999997,0.0,0.0,0.0,0.0,0.5,0.0,0.2472889999999999,46.6
42101021600,20.4,48.2,87.9,85.7,4.8,4.8,3.3,3.3,0.0,0.0,0.0,0.0,1.3,0.0,2.7,2.7,7.5,4.5,7.1,44.3,22.4,2.200000000000003,0.0,0.0,0.0,0.0,1.3,0.0,0.26077600000000006,12.0
42101021700,5.6,32.8,85.1,84.0,10.5,10.5,2.5,2.5,0.0,0.0,0.0,0.0,0.0,0.0,1.9,1.9,6.7,11.0,4.6,78.1,24.0,1.0999999999999943,0.0,0.0,0.0,0.0,0.0,0.0,0.28226799999999996,17.7
42101021800,22.9,61.2,69.6,68.2,14.5,14.5,6.9,6.9,0.0,0.0,0.5,0.0,6.7,5.6,1.8,0.5,3.6,7.0,9.5,27.4,17.6,1.3999999999999915,0.0,0.0,0.0,0.5,1.1000000000000005,1.3,0.5054179999999998,10.6
42101021900,8.7,41.0,84.1,83.9,10.5,10.1,2.6,2.6,0.8,0.8,0.0,0.0,1.1,1.1,1.0,1.0,24.4,7.6,0.4,74.4,11.7,0.19999999999998863,0.40000000000000036,0.0,0.0,0.0,0.0,0.0,0.2858969999999999,32.0
42101022000,2.9,54.0,74.9,73.2,16.1,16.0,3.8,3.8,0.0,0.0,0.0,0.0,4.4,0.0,0.8,0.8,7.6,6.3,11.1,55.9,18.9,1.7000000000000028,0.10000000000000142,0.0,0.0,0.0,4.4,0.0,0.43484200000000006,13.899999999999999
42101023100,0.6,86.4,98.0,93.5,0.0,0.0,1.1,1.1,0.9,0.0,0.0,0.0,0.0,0.0,0.0,0.0,85.8,1.8,4.9,53.7,28.5,4.5,0.0,0.0,0.9,0.0,0.0,0.0,0.12354799999999996,87.6
42101023500,8.5,69.6,50.2,50.2,30.5,30.5,10.7,10.7,0.0,0.0,0.0,0.0,0.7,0.7,7.8,7.8,44.7,9.3,5.5,60.6,25.7,0.0,0.0,0.0,0.0,0.0,0.0,0.0,0.6363890000000001,54.0
42101023600,11.4,64.0,67.0,65.9,27.5,27.5,1.0,1.0,0.4,0.0,0.0,0.0,3.8,2.1,0.3,0.3,61.9,12.3,0.0,65.6,27.9,1.0999999999999943,0.0,0.0,0.4,0.0,1.6999999999999997,0.0,0.489118,74.2
42101023700,10.0,54.0,27.7,25.9,59.5,59.5,2.6,2.6,0.0,0.0,0.0,0.0,1.1,0.0,9.1,8.4,49.8,19.6,9.3,42.4,23.6,1.8000000000000007,0.0,0.0,0.0,0.0,1.1,0.6999999999999993,0.570668,69.4
42101023800,16.8,37.5,26.1,23.7,67.1,67.0,1.7,1.7,0.2,0.2,0.0,0.0,0.4,0.0,4.3,3.3,50.9,26.3,20.4,40.2,23.2,2.400000000000002,0.09999999999999432,0.0,0.0,0.0,0.4,1.0,0.4908559999999999,77.2
42101023900,18.7,37.9,27.1,23.7,64.2,60.7,1.3,1.3,0.0,0.0,0.0,0.0,3.5,2.9,3.9,3.9,26.4,14.1,29.2,14.6,10.4,3.400000000000002,3.5,0.0,0.0,0.0,0.6000000000000001,0.0,0.5704340000000001,40.5
42101024000,30.3,41.5,30.6,29.4,57.3,57.0,3.9,3.9,0.0,0.0,0.0,0.0,3.8,0.4,4.3,4.3,32.9,14.8,24.7,30.0,17.8,1.2000000000000028,0.29999999999999716,0.0,0.0,0.0,3.4,0.0,0.5829690000000001,47.7
42101024100,43.5,13.4,26.5,22.7,69.6,68.5,0.0,0.0,0.7,0.7,0.0,0.0,0.5,0.0,2.8,2.3,37.8,15.9,21.1,12.4,5.8,3.8000000000000007,1.0999999999999943,0.0,0.0,0.0,0.5,0.5,0.4780529999999999,53.699999999999996
42101024200,28.3,17.5,12.7,12.7,81.2,80.0,0.0,0.0,0.0,0.0,0.0,0.0,2.9,0.0,3.3,3.3,50.5,24.2,22.1,42.3,22.1,0.0,1.2000000000000028,0.0,0.0,0.0,2.9,0.0,0.342797,74.7
42101024300,36.5,19.7,12.7,11.8,85.7,85.1,0.4,0.4,0.0,0.0,0.3,0.3,0.1,0.0,0.9,0.9,33.5,19.9,15.0,38.5,22.9,0.8999999999999986,0.6000000000000085,0.0,0.0,0.0,0.1,0.0,0.26265100000000013,53.4
42101024400,29.7,12.7,5.2,5.2,93.5,93.5,0.0,0.0,1.0,1.0,0.0,0.0,0.0,0.0,0.4,0.4,61.6,28.3,23.5,55.0,15.8,0.0,0.0,0.0,0.0,0.0,0.0,0.0,0.12395499999999995,89.9
42101024500,31.4,11.5,5.0,4.5,92.2,89.8,0.4,0.4,0.6,0.6,0.0,0.0,1.0,0.8,0.8,0.4,43.1,24.1,24.0,46.0,24.4,0.5,2.4000000000000057,0.0,0.0,0.0,0.19999999999999996,0.4,0.19081800000000002,67.2
42101024600,38.9,16.1,10.0,10.0,86.1,85.8,0.0,0.0,0.3,0.3,0.0,0.0,1.7,0.0,1.9,1.9,48.4,8.8,23.3,31.6,23.6,0.0,0.29999999999999716,0.0,0.0,0.0,1.7,0.0,0.253168,57.2
42101024700,48.5,13.8,7.0,6.5,88.3,87.7,0.1,0.1,0.0,0.0,0.1,0.1,0.3,0.0,4.2,3.6,40.3,24.8,23.5,45.4,23.4,0.5,0.5999999999999943,0.0,0.0,0.0,0.3,0.6000000000000001,0.22524199999999994,65.1
42101024800,20.3,12.1,1.3,1.0,93.0,92.4,0.0,0.0,3.5,3.5,0.0,0.0,0.0,0.0,2.2,2.2,45.5,35.6,9.1,70.9,23.3,0.30000000000000004,0.5999999999999943,0.0,0.0,0.0,0.0,0.0,0.14436999999999992,81.1
42101024900,36.4,6.5,0.8,0.3,96.6,96.6,0.0,0.0,0.0,0.0,0.0,0.0,2.3,0.0,0.3,0.3,50.0,27.3,30.2,63.7,20.7,0.5,0.0,0.0,0.0,0.0,2.3,0.0,0.06627200000000003,77.3
42101025200,32.2,10.5,7.8,6.6,91.4,91.1,0.0,0.0,0.4,0.4,0.0,0.0,0.0,0.0,0.4,0.4,35.5,35.1,18.4,46.4,25.3,1.2000000000000002,0.30000000000001137,0.0,0.0,0.0,0.0,0.0,0.16553800000000016,70.6
42101025300,30.1,24.1,5.8,5.7,86.4,86.4,1.4,1.4,0.0,0.0,0.0,0.0,1.4,0.0,5.0,4.2,48.5,16.7,23.7,57.4,23.8,0.09999999999999964,0.0,0.0,0.0,0.0,1.4,0.7999999999999998,0.24803399999999995,65.2
42101025400,12.4,38.8,10.5,9.4,81.0,80.5,0.7,0.7,0.9,0.9,0.0,0.0,1.4,0.4,5.5,5.1,32.1,20.2,6.6,63.4,16.8,1.0999999999999996,0.5,0.0,0.0,0.0,0.9999999999999999,0.40000000000000036,0.34012999999999993,52.3
42101025500,7.7,39.4,25.7,24.7,65.9,58.3,0.5,0.5,0.0,0.0,0.0,0.0,0.9,0.3,7.1,7.1,40.6,26.0,5.5,74.4,19.3,1.0,7.6000000000000085,0.0,0.0,0.0,0.6000000000000001,0.0,0.5891149999999999,66.6
42101025600,12.3,63.2,52.1,51.6,42.7,41.3,0.4,0.4,0.4,0.0,0.0,0.0,1.8,1.1,2.5,2.5,66.1,8.2,6.9,65.6,25.5,0.5,1.4000000000000057,0.0,0.4,0.0,0.7,0.0,0.561127,74.3
42101025700,9.7,59.4,61.1,55.3,29.8,29.3,3.3,3.3,0.0,0.0,0.0,0.0,0.0,0.0,5.8,5.8,34.1,4.3,9.2,24.0,19.7,5.800000000000004,0.5,0.0,0.0,0.0,0.0,0.0,0.6005,38.4
42101025800,4.9,29.0,1.9,1.9,97.9,96.8,0.0,0.0,0.3,0.0,0.0,0.0,0.0,0.0,0.0,0.0,6.1,11.5,12.2,67.7,17.4,0.0,1.1000000000000085,0.0,0.3,0.0,0.0,0.0,0.06348500000000011,17.6
42101025900,19.3,16.4,1.1,1.1,95.6,95.6,1.3,1.3,0.0,0.0,0.0,0.0,0.0,0.0,1.9,1.6,20.9,14.6,9.8,74.0,18.0,0.0,0.0,0.0,0.0,0.0,0.0,0.2999999999999998,0.08450900000000003,35.5
42101026000,13.0,32.3,5.3,4.9,92.1,92.1,0.0,0.0,0.0,0.0,0.0,0.0,0.7,0.0,1.9,1.0,9.4,15.0,7.5,76.8,16.3,0.39999999999999947,0.0,0.0,0.0,0.0,0.7,0.8999999999999999,0.14911200000000005,24.4
42101026100,10.2,25.6,2.6,1.6,97.4,96.9,0.0,0.0,0.0,0.0,0.0,0.0,0.0,0.0,0.0,0.0,6.7,22.1,9.2,77.7,15.9,1.0,0.5,0.0,0.0,0.0,0.0,0.0,0.06065799999999992,28.8
42101026200,11.7,26.3,1.7,1.4,97.1,96.6,0.0,0.0,0.0,0.0,0.0,0.0,0.2,0.0,0.9,0.9,17.7,21.7,5.3,80.9,16.4,0.30000000000000004,0.5,0.0,0.0,0.0,0.2,0.0,0.06552900000000002,39.4
42101026301,17.0,17.2,0.9,0.9,97.2,97.2,0.0,0.0,0.0,0.0,0.0,0.0,0.0,0.0,1.9,1.9,18.4,25.0,3.0,73.5,20.8,0.0,0.0,0.0,0.0,0.0,0.0,0.0,0.05477400000000003,43.4
42101026302,18.4,13.9,3.6,2.6,92.6,90.4,2.4,1.8,0.0,0.0,0.0,0.0,0.0,0.0,1.4,1.4,33.2,23.2,12.3,82.6,21.3,1.0,2.1999999999999886,0.5999999999999999,0.0,0.0,0.0,0.0,0.18096799999999988,56.400000000000006
42101026400,14.1,16.9,1.3,0.3,95.9,94.0,0.3,0.3,0.0,0.0,0.0,0.0,0.0,0.0,2.6,2.2,34.1,26.7,12.1,79.0,27.5,1.0,1.9000000000000057,0.0,0.0,0.0,0.0,0.3999999999999999,0.11642100000000011,60.8
42101026500,20.7,9.7,1.6,1.1,96.7,95.9,0.0,0.0,0.0,0.0,0.0,0.0,0.0,0.0,1.7,1.6,41.8,28.1,13.5,74.5,24.5,0.5,0.7999999999999972,0.0,0.0,0.0,0.0,0.09999999999999987,0.0798519999999999,69.9
42101026600,20.6,12.6,0.3,0.3,97.0,96.2,0.0,0.0,0.2,0.2,0.0,0.0,0.0,0.0,2.5,2.5,30.4,18.0,15.3,78.0,21.3,0.0,0.7999999999999972,0.0,0.0,0.0,0.0,0.0,0.07385399999999989,48.4
42101026700,21.1,18.8,2.4,2.4,97.4,95.9,0.0,0.0,0.0,0.0,0.0,0.0,0.0,0.0,0.2,0.2,47.4,28.2,13.0,71.5,30.3,0.0,1.5,0.0,0.0,0.0,0.0,0.0,0.07951399999999992,75.6
42101026800,18.6,27.0,4.4,3.7,86.1,85.2,8.1,8.1,0.0,0.0,0.0,0.0,0.0,0.0,1.4,1.0,31.1,26.4,8.6,35.3,19.9,0.7000000000000002,0.8999999999999915,0.0,0.0,0.0,0.0,0.3999999999999999,0.26591999999999993,57.5
42101026900,14.3,25.7,20.8,16.9,71.9,69.9,1.5,1.5,0.0,0.0,0.0,0.0,3.4,2.5,2.4,1.3,57.9,13.5,10.8,64.7,25.7,3.900000000000002,2.0,0.0,0.0,0.0,0.8999999999999999,1.0999999999999999,0.4796959999999999,71.4
42101027000,14.5,28.0,11.4,11.1,73.3,73.3,14.8,14.8,0.0,0.0,0.0,0.0,0.5,0.5,0.0,0.0,40.8,15.1,10.1,59.1,31.8,0.3000000000000007,0.0,0.0,0.0,0.0,0.0,0.0,0.428452,55.9
42101027100,30.0,13.3,7.1,6.5,64.0,63.3,21.8,21.8,0.0,0.0,0.0,0.0,5.3,0.0,1.9,1.9,15.6,16.0,2.2,74.8,29.8,0.5999999999999996,0.7000000000000028,0.0,0.0,0.0,5.3,0.0,0.545307,31.6
42101027200,15.3,19.9,6.8,6.4,81.7,80.3,9.8,9.6,0.0,0.0,0.0,0.0,0.3,0.0,1.5,0.8,6.1,21.5,4.6,56.5,24.9,0.39999999999999947,1.4000000000000057,0.20000000000000107,0.0,0.0,0.3,0.7,0.34254100000000004,27.6
42101027300,13.2,17.0,11.2,3.5,54.4,53.7,29.1,29.1,0.2,0.0,0.0,0.0,4.5,0.0,0.7,0.3,27.7,22.5,5.8,63.7,31.3,7.699999999999999,0.6999999999999957,0.0,0.2,0.0,4.5,0.39999999999999997,0.6186929999999999,50.2
42101027401,26.1,13.3,8.9,7.7,51.9,51.4,30.6,30.6,0.3,0.0,0.0,0.0,2.6,0.3,5.8,5.6,39.1,20.9,14.4,65.9,25.4,1.2000000000000002,0.5,0.0,0.3,0.0,2.3000000000000003,0.20000000000000018,0.633383,60.0
42101027402,15.5,13.5,7.5,4.2,52.3,50.7,18.7,18.7,0.0,0.0,9.4,0.0,10.7,0.0,1.3,0.9,46.2,16.1,12.0,70.9,51.6,3.3,1.5999999999999943,0.0,0.0,9.4,10.7,0.4,0.683491,62.300000000000004
42101027500,25.2,11.9,10.7,7.2,66.3,60.2,15.4,15.4,0.0,0.0,0.0,0.0,5.9,0.0,1.7,0.8,36.5,32.5,7.5,67.2,33.4,3.499999999999999,6.099999999999994,0.0,0.0,0.0,5.9,0.8999999999999999,0.600124,69.0
42101027600,28.3,14.4,1.6,1.4,93.3,93.3,0.0,0.0,0.0,0.0,0.0,0.0,0.0,0.0,5.2,5.2,23.7,26.8,13.7,48.0,25.7,0.20000000000000018,0.0,0.0,0.0,0.0,0.0,0.0,0.12760700000000005,50.5
42101027700,29.4,11.2,1.6,1.6,91.8,90.7,4.5,4.5,0.0,0.0,0.0,0.0,0.0,0.0,2.2,1.0,22.8,40.0,11.9,48.0,19.4,0.0,1.0999999999999943,0.0,0.0,0.0,0.0,1.2000000000000002,0.17570499999999992,62.8
42101027800,30.1,10.8,7.2,2.8,92.4,91.6,0.0,0.0,0.0,0.0,0.0,0.0,0.0,0.0,0.4,0.0,48.5,26.8,12.9,45.6,18.2,4.4,0.8000000000000114,0.0,0.0,0.0,0.0,0.4,0.15814400000000017,75.3
42101027901,45.6,9.1,2.0,1.4,81.2,78.5,1.9,1.9,0.5,0.5,0.0,0.0,13.9,13.9,0.6,0.6,48.6,22.9,18.8,66.0,27.6,0.6000000000000001,2.700000000000003,0.0,0.0,0.0,0.0,0.0,0.36407100000000003,71.5
42101027902,49.8,14.5,41.6,37.8,49.1,49.1,2.5,2.5,0.0,0.0,0.2,0.2,4.5,1.0,2.1,2.0,23.7,27.2,11.5,46.6,20.2,3.8000000000000043,0.0,0.0,0.0,0.0,3.5,0.10000000000000009,0.612236,50.9
42101028000,35.9,5.9,1.1,1.1,98.1,94.9,0.2,0.2,0.0,0.0,0.0,0.0,0.0,0.0,0.5,0.5,43.5,27.9,12.2,51.1,27.0,0.0,3.1999999999999886,0.0,0.0,0.0,0.0,0.0,0.09722499999999984,71.4
42101028100,22.4,12.2,5.0,4.8,93.8,91.4,1.0,1.0,0.0,0.0,0.0,0.0,0.2,0.0,0.0,0.0,54.9,18.3,10.5,71.1,12.6,0.20000000000000018,2.3999999999999915,0.0,0.0,0.0,0.2,0.0,0.1616159999999999,73.2
42101028200,27.7,19.3,5.9,4.3,86.0,82.5,5.8,5.8,0.4,0.4,0.0,0.0,0.2,0.0,1.7,1.5,34.2,26.3,8.1,47.3,20.8,1.6000000000000005,3.5,0.0,0.0,0.0,0.2,0.19999999999999996,0.312432,60.5
42101028300,40.9,8.9,6.0,3.8,85.3,82.8,5.4,5.4,0.0,0.0,0.0,0.0,0.0,0.0,3.3,1.0,35.8,21.2,15.3,35.5,27.9,2.2,2.5,0.0,0.0,0.0,0.0,2.3,0.30831800000000004,57.0
42101028400,47.6,5.9,9.3,1.3,74.8,71.8,1.7,1.7,0.9,0.9,0.0,0.0,10.2,0.0,3.1,2.9,29.7,35.4,8.3,61.8,37.6,8.0,3.0,0.0,0.0,0.0,10.2,0.20000000000000018,0.465388,65.1
42101028500,36.7,6.5,20.6,0.9,44.2,43.3,10.5,10.5,9.2,4.9,0.0,0.0,14.9,0.2,0.7,0.3,32.5,14.4,8.7,38.6,37.4,19.700000000000003,0.9000000000000057,0.0,4.299999999999999,0.0,14.700000000000001,0.39999999999999997,0.7376269999999999,46.9
42101028600,38.5,8.0,11.4,2.6,55.2,50.5,7.8,7.8,0.8,0.0,0.0,0.0,20.5,0.0,4.4,0.0,51.8,12.5,12.3,44.9,42.2,8.8,4.700000000000003,0.0,0.8,0.0,20.5,4.4,0.685237,64.3
42101028700,44.9,10.1,24.2,2.7,24.6,21.2,2.3,2.3,1.9,0.0,0.0,0.0,37.8,0.9,9.1,0.4,41.2,25.4,9.3,44.9,37.7,21.5,3.400000000000002,0.0,1.9,0.0,36.9,8.7,0.761229,66.6
42101028800,30.8,5.7,28.7,9.0,18.6,16.3,15.6,15.6,0.0,0.0,0.0,0.0,34.7,0.0,2.4,2.4,41.5,19.5,17.5,44.1,39.3,19.7,2.3000000000000007,0.0,0.0,0.0,34.7,0.0,0.780672,61.0
42101028901,39.7,3.8,13.7,8.5,23.0,21.3,6.6,5.4,0.8,0.8,0.0,0.0,48.9,0.0,6.9,0.1,46.6,14.9,8.6,62.9,45.9,5.199999999999999,1.6999999999999993,1.1999999999999993,0.0,0.0,48.9,6.800000000000001,0.696543,61.5
42101028902,36.7,3.4,20.3,9.2,31.3,29.2,8.0,5.8,0.8,0.0,1.1,0.0,34.2,0.0,4.4,0.5,27.9,21.5,8.9,54.6,35.0,11.100000000000001,2.1000000000000014,2.2,0.8,1.1,34.2,3.9000000000000004,0.771967,49.4
42101029000,32.9,9.5,13.3,5.6,37.9,35.8,18.4,18.4,2.7,0.0,0.0,0.0,23.6,0.0,4.1,1.7,22.4,22.4,8.8,54.6,37.6,7.700000000000001,2.1000000000000014,0.0,2.7,0.0,23.6,2.3999999999999995,0.7711840000000002,44.8
42101029100,35.4,7.3,20.4,11.9,40.9,39.6,22.7,22.7,0.0,0.0,0.0,0.0,12.1,0.7,3.8,2.5,27.2,17.2,17.3,32.5,36.4,8.499999999999998,1.2999999999999972,0.0,0.0,0.0,11.4,1.2999999999999998,0.7552610000000001,44.4
42101029200,15.7,13.2,31.0,20.1,40.5,38.5,7.9,7.9,0.0,0.0,0.0,0.0,12.7,0.0,7.9,5.6,26.5,26.5,16.8,71.8,29.7,10.899999999999999,2.0,0.0,0.0,0.0,12.7,2.3000000000000007,0.773058,53.0
42101029300,42.8,9.1,31.2,19.8,42.0,40.7,0.2,0.2,1.4,0.0,0.0,0.0,22.1,1.0,3.1,3.1,62.5,11.1,21.1,53.7,30.9,11.399999999999999,1.2999999999999972,0.0,1.4,0.0,21.1,0.0,0.7362000000000001,73.6
42101029400,52.1,3.4,33.7,22.2,50.7,44.2,0.0,0.0,0.0,0.0,0.3,0.3,14.1,0.0,1.2,0.6,82.3,6.4,20.2,49.1,24.5,11.500000000000004,6.5,0.0,0.0,0.0,14.1,0.6,0.7179399999999999,88.7
42101029800,34.1,9.2,48.0,36.4,31.3,30.5,2.6,2.6,0.0,0.0,0.0,0.0,14.4,0.5,3.8,0.3,25.6,26.7,10.5,55.1,29.3,11.600000000000001,0.8000000000000007,0.0,0.0,0.0,13.9,3.5,0.740703,52.3
42101029900,45.4,9.6,32.2,17.5,56.2,53.2,0.7,0.7,1.1,1.1,0.0,0.0,7.9,0.0,1.9,0.5,52.3,13.8,13.1,42.0,29.0,14.700000000000003,3.0,0.0,0.0,0.0,7.9,1.4,0.65721,66.1
42101030000,37.3,4.8,24.1,13.8,60.2,59.4,1.9,1.5,1.6,0.1,0.0,0.0,6.6,0.0,5.6,4.8,47.2,15.3,15.8,43.4,31.6,10.3,0.8000000000000043,0.3999999999999999,1.5,0.0,6.6,0.7999999999999998,0.610256,62.5
42101030100,23.0,11.8,40.0,36.6,51.2,47.4,0.5,0.5,0.0,0.0,0.0,0.0,3.5,0.0,4.8,3.6,62.3,6.1,27.5,44.4,25.5,3.3999999999999986,3.8000000000000043,0.0,0.0,0.0,3.5,1.1999999999999997,0.6360779999999999,68.39999999999999
42101030200,20.4,12.0,30.5,19.2,44.8,44.5,4.1,4.1,0.0,0.0,0.0,0.0,13.0,0.0,7.6,2.3,38.1,23.3,15.3,60.5,27.7,11.3,0.29999999999999716,0.0,0.0,0.0,13.0,5.3,0.7304139999999999,61.400000000000006
42101030501,36.9,8.0,24.7,16.5,54.2,51.7,2.9,2.9,0.1,0.1,0.0,0.0,16.6,1.9,1.5,1.2,34.2,14.2,5.7,56.8,42.2,8.2,2.5,0.0,0.0,0.0,14.700000000000001,0.30000000000000004,0.675172,48.400000000000006
42101030502,29.6,12.8,18.7,16.5,51.6,51.1,8.6,8.6,1.1,0.0,0.0,0.0,17.4,0.0,2.7,2.7,22.1,25.8,6.4,66.1,40.5,2.1999999999999993,0.5,0.0,1.1,0.0,17.4,0.0,0.673623,47.900000000000006
42101030600,23.5,16.8,42.4,38.6,25.5,24.8,12.8,12.8,0.7,0.0,0.0,0.0,15.7,0.0,2.9,0.7,39.7,7.8,5.2,47.9,30.2,3.799999999999997,0.6999999999999993,0.0,0.7,0.0,15.7,2.2,0.746392,47.5
42101030700,17.1,15.2,50.7,46.0,39.2,38.5,3.5,3.5,0.2,0.2,0.0,0.0,3.1,0.3,3.2,3.2,20.9,10.6,4.9,35.1,31.7,4.700000000000003,0.7000000000000028,0.0,0.0,0.0,2.8000000000000003,0.0,0.6338710000000001,31.5
42101030800,14.4,16.3,65.7,56.5,7.9,4.8,16.3,16.3,0.0,0.0,0.0,0.0,5.1,0.0,5.1,4.4,22.4,18.3,7.2,71.1,29.3,9.200000000000003,3.1000000000000005,0.0,0.0,0.0,5.1,0.6999999999999993,0.638891,40.7
42101030900,32.2,13.4,30.9,19.4,36.0,33.4,16.1,16.1,0.8,0.0,0.0,0.0,11.0,0.0,5.2,1.2,12.5,20.9,8.5,51.9,34.3,11.5,2.6000000000000014,0.0,0.8,0.0,11.0,4.0,0.7970779999999998,33.4
42101031000,19.4,18.2,41.7,38.9,26.5,26.5,18.5,18.3,0.3,0.0,0.0,0.0,9.8,0.9,3.2,1.8,12.6,25.5,7.2,67.0,43.6,2.8000000000000043,0.0,0.1999999999999993,0.3,0.0,8.9,1.4000000000000001,0.735646,38.1
42101031101,27.2,13.4,35.4,19.3,38.3,37.3,10.9,10.9,0.3,0.0,0.0,0.0,12.9,1.1,2.3,2.0,13.1,25.5,7.6,43.8,38.4,16.099999999999998,1.0,0.0,0.3,0.0,11.8,0.2999999999999998,0.772257,38.6
42101031102,13.9,12.9,20.4,15.1,59.1,57.1,9.3,9.3,0.7,0.7,0.0,0.0,8.8,0.0,1.7,1.7,24.6,37.6,3.2,73.0,29.6,5.299999999999999,2.0,0.0,0.0,0.0,8.8,0.0,0.6312180000000001,62.2
42101031200,33.8,10.5,26.5,13.5,48.2,47.0,11.0,11.0,0.0,0.0,0.0,0.0,13.1,1.3,1.1,1.1,20.4,34.5,11.4,58.8,44.1,13.0,1.2000000000000028,0.0,0.0,0.0,11.799999999999999,0.0,0.7165170000000001,54.9
42101031300,27.3,18.2,45.7,33.4,26.0,21.6,20.5,20.5,0.0,0.0,0.0,0.0,1.5,0.0,6.3,5.0,10.3,13.9,15.4,44.2,38.5,12.300000000000004,4.399999999999999,0.0,0.0,0.0,1.5,1.2999999999999998,0.779804,24.200000000000003
42101031401,18.8,13.7,34.1,24.5,21.7,20.2,23.7,23.7,0.2,0.2,0.2,0.0,11.4,0.3,8.8,5.2,15.4,15.9,8.1,54.1,40.3,9.600000000000001,1.5,0.0,0.0,0.2,11.1,3.6000000000000005,0.818223,31.3
42101031402,22.9,12.5,53.1,38.5,17.5,17.2,27.6,27.6,0.0,0.0,0.0,0.0,0.5,0.0,1.3,0.7,10.7,14.1,6.7,56.5,27.4,14.600000000000001,0.3000000000000007,0.0,0.0,0.0,0.5,0.6000000000000001,0.7245800000000001,24.799999999999997
42101031501,17.8,13.5,78.2,72.3,3.6,3.6,9.4,9.4,0.0,0.0,0.0,0.0,7.1,2.5,1.7,1.7,32.0,21.7,10.1,71.7,32.2,5.900000000000006,0.0,0.0,0.0,0.0,4.6,0.0,0.46062800000000004,53.7
42101031502,13.1,19.8,79.3,71.1,6.2,4.9,10.3,10.3,0.4,0.4,0.0,0.0,2.7,0.6,1.2,1.2,13.6,21.5,12.4,64.5,33.4,8.200000000000003,1.2999999999999998,0.0,0.0,0.0,2.1,0.0,0.474939,35.1
42101031600,23.9,15.3,70.7,63.8,11.9,11.8,6.5,6.5,0.0,0.0,0.0,0.0,8.1,0.0,2.9,1.5,22.7,27.8,3.3,66.9,29.0,6.900000000000006,0.09999999999999964,0.0,0.0,0.0,8.1,1.4,0.564063,50.5
42101031700,12.7,13.4,53.4,42.6,24.3,23.2,9.7,9.7,1.0,0.0,0.0,0.0,6.6,0.6,5.0,2.5,9.4,29.4,7.4,58.5,36.9,10.799999999999997,1.1000000000000014,0.0,1.0,0.0,6.0,2.5,0.73852,38.8
42101031800,15.3,10.8,34.5,23.1,46.1,44.6,8.6,8.5,0.7,0.7,0.0,0.0,8.7,1.9,1.4,1.4,11.9,29.5,5.6,58.4,35.4,11.399999999999999,1.5,0.09999999999999964,0.0,0.0,6.799999999999999,0.0,0.7220460000000002,41.4
42101031900,17.3,14.7,59.8,42.5,25.6,25.6,3.6,3.6,0.0,0.0,1.0,0.0,7.3,0.0,2.8,0.4,30.5,22.2,15.1,57.2,26.8,17.299999999999997,0.0,0.0,0.0,1.0,7.3,2.4,0.7175929999999998,52.7
42101032000,16.8,13.9,73.7,63.2,14.1,14.1,5.5,5.5,0.0,0.0,0.0,0.0,4.6,0.0,2.2,1.9,17.4,25.3,8.8,77.5,28.0,10.5,0.0,0.0,0.0,0.0,4.6,0.30000000000000027,0.565159,42.7
42101032100,20.4,8.3,58.5,46.5,31.3,28.8,1.0,0.4,0.0,0.0,0.0,0.0,5.9,0.0,3.3,2.9,41.5,14.9,13.8,53.8,26.3,12.0,2.5,0.6,0.0,0.0,5.9,0.3999999999999999,0.681416,56.4
42101032300,17.1,9.7,67.6,58.8,22.4,21.5,1.5,1.5,0.9,0.0,0.0,0.0,4.6,0.8,3.1,3.1,33.5,16.8,13.5,51.8,22.9,8.799999999999997,0.8999999999999986,0.0,0.9,0.0,3.8,0.0,0.598431,50.3
42101032500,34.3,8.5,63.3,56.6,20.6,20.6,0.9,0.9,0.0,0.0,0.0,0.0,12.0,0.0,3.3,3.3,54.1,17.1,13.2,56.2,23.2,6.699999999999996,0.0,0.0,0.0,0.0,12.0,0.0,0.6181490000000001,71.2
42101032600,20.0,20.6,66.1,57.9,19.7,19.7,2.4,2.4,0.8,0.5,0.0,0.0,10.2,0.7,0.8,0.3,37.6,23.4,16.6,73.6,30.1,8.199999999999996,0.0,0.0,0.30000000000000004,0.0,9.5,0.5,0.6095079999999999,61.0
42101032900,28.6,11.4,66.4,56.6,16.9,16.9,5.7,5.7,0.0,0.0,0.0,0.0,2.1,1.8,9.0,6.8,24.6,24.6,16.3,48.7,14.2,9.800000000000004,0.0,0.0,0.0,0.0,0.30000000000000004,2.2,0.633789,49.2
42101033000,31.1,15.3,83.3,70.6,12.1,12.1,0.0,0.0,0.0,0.0,0.0,0.0,1.9,0.5,2.6,2.3,18.1,32.1,6.2,65.4,31.0,12.700000000000003,0.0,0.0,0.0,0.0,1.4,0.30000000000000027,0.46903500000000004,50.2
42101033101,5.1,22.9,91.8,87.3,3.3,3.3,1.8,1.8,0.0,0.0,0.0,0.0,2.0,0.0,1.1,1.1,26.3,33.2,7.6,80.5,26.3,4.5,0.0,0.0,0.0,0.0,2.0,0.0,0.23391199999999998,59.5
42101033102,10.2,16.4,91.8,91.2,3.4,3.2,3.4,3.4,0.0,0.0,0.0,0.0,0.8,0.0,0.6,0.2,22.9,21.7,9.5,64.3,27.5,0.5999999999999943,0.19999999999999973,0.0,0.0,0.0,0.8,0.39999999999999997,0.16595199999999988,44.599999999999994
42101033200,11.3,19.1,93.0,91.7,0.3,0.0,5.8,5.3,0.0,0.0,0.0,0.0,0.9,0.0,0.0,0.0,6.9,18.5,9.6,77.1,34.5,1.2999999999999972,0.3,0.5,0.0,0.0,0.9,0.0,0.15601799999999993,25.4
42101033300,12.9,16.8,75.9,72.0,16.6,16.6,3.2,3.2,0.0,0.0,0.0,0.0,2.9,0.0,1.4,1.4,15.5,4.7,2.7,57.3,13.9,3.9000000000000057,0.0,0.0,0.0,0.0,2.9,0.0,0.4504620000000001,20.2
42101033400,20.2,18.5,58.9,53.9,20.1,19.6,14.6,14.6,1.8,1.8,0.0,0.0,3.8,0.0,0.7,0.3,7.0,9.8,7.6,55.9,19.2,5.0,0.5,0.0,0.0,0.0,3.8,0.39999999999999997,0.644429,16.8
42101033500,22.6,19.6,55.2,46.8,17.2,13.1,11.7,11.7,0.0,0.0,0.0,0.0,13.7,5.2,2.3,0.6,9.0,7.7,7.8,60.5,34.0,8.400000000000006,4.1,0.0,0.0,0.0,8.5,1.6999999999999997,0.7321350000000001,16.7
42101033600,11.2,22.2,73.9,68.6,7.8,7.8,8.4,8.4,0.0,0.0,0.0,0.0,6.1,0.3,3.8,3.8,15.8,8.8,7.8,49.5,24.6,5.300000000000011,0.0,0.0,0.0,0.0,5.8,0.0,0.5086380000000001,24.6
42101033701,21.4,29.2,86.9,83.5,4.5,4.0,7.8,7.8,0.2,0.2,0.0,0.0,0.6,0.0,0.0,0.0,0.7,2.0,13.4,38.7,34.7,3.4000000000000057,0.5,0.0,0.0,0.0,0.6,0.0,0.2938700000000001,2.7
42101033702,6.9,30.2,70.1,68.0,5.5,5.4,16.6,16.6,0.0,0.0,0.0,0.0,2.6,0.0,5.3,2.0,3.5,8.3,5.4,75.6,27.3,2.0999999999999943,0.09999999999999964,0.0,0.0,0.0,2.6,3.3,0.5055209999999999,11.8
42101033800,8.9,15.7,72.5,67.4,12.3,12.3,6.7,6.7,0.3,0.0,0.0,0.0,2.3,0.0,6.0,6.0,14.0,5.9,10.6,62.5,25.2,5.099999999999994,0.0,0.0,0.3,0.0,2.3,0.0,0.5203669999999999,19.9
42101033900,12.7,26.3,75.4,75.0,14.7,13.6,2.3,2.3,0.0,0.0,0.0,0.0,3.0,0.0,4.6,3.9,10.1,9.1,7.3,61.9,24.2,0.4000000000000057,1.0999999999999996,0.0,0.0,0.0,3.0,0.6999999999999997,0.41586800000000007,19.2
42101034000,9.7,23.3,74.0,68.8,7.8,7.7,8.6,8.6,0.0,0.0,0.0,0.0,5.5,0.0,4.1,4.1,4.2,5.0,7.1,86.1,25.9,5.200000000000003,0.09999999999999964,0.0,0.0,0.0,5.5,0.0,0.50592,9.2
42101034100,13.8,26.0,91.4,84.5,6.0,6.0,1.7,1.7,0.0,0.0,0.2,0.2,0.0,0.0,0.7,0.7,19.9,9.2,7.5,63.2,26.5,6.900000000000006,0.0,0.0,0.0,0.0,0.0,0.0,0.277272,29.099999999999998
42101034200,11.2,29.3,75.3,72.0,12.4,12.3,9.7,9.7,0.0,0.0,0.0,0.0,1.5,0.0,1.1,1.1,2.9,0.8,8.1,49.8,16.6,3.299999999999997,0.09999999999999964,0.0,0.0,0.0,1.5,0.0,0.455626,3.7
42101034400,4.7,29.2,80.5,79.3,4.5,4.5,11.2,11.2,0.0,0.0,0.0,0.0,3.3,0.6,0.5,0.5,5.6,3.1,5.3,86.3,27.0,1.2000000000000028,0.0,0.0,0.0,0.0,2.6999999999999997,0.0,0.3556480000000001,8.7
42101034501,29.8,23.7,72.7,60.3,8.0,8.0,16.1,16.1,0.0,0.0,0.0,0.0,3.2,0.0,0.0,0.0,7.9,1.2,0.0,14.4,17.7,12.400000000000006,0.0,0.0,0.0,0.0,3.2,0.0,0.58767,9.1
42101034502,7.3,23.4,68.2,57.4,9.0,8.2,10.1,10.1,0.0,0.0,0.0,0.0,7.7,7.7,5.0,5.0,3.7,1.0,10.2,42.9,9.6,10.800000000000004,0.8000000000000007,0.0,0.0,0.0,0.0,0.0,0.6334420000000001,4.7
42101034600,11.5,30.3,55.0,45.7,25.9,25.9,14.6,14.6,0.0,0.0,0.0,0.0,3.1,0.0,1.4,1.2,0.9,1.2,6.7,27.2,16.7,9.299999999999997,0.0,0.0,0.0,0.0,3.1,0.19999999999999996,0.692996,2.1
42101034701,12.0,22.4,63.6,62.1,7.5,6.5,17.9,17.9,0.0,0.0,0.0,0.0,3.6,0.0,7.5,3.3,2.2,4.9,5.4,75.6,23.8,1.5,1.0,0.0,0.0,0.0,3.6,4.2,0.574619,7.1000000000000005
42101034702,0.7,30.5,82.4,80.1,8.0,8.0,6.3,5.8,0.0,0.0,0.0,0.0,1.2,0.3,2.2,1.5,4.1,6.4,0.7,86.4,22.5,2.3000000000000114,0.0,0.5,0.0,0.0,0.8999999999999999,0.7000000000000002,0.3487170000000001,10.5
42101034801,13.6,14.8,84.3,81.6,9.2,9.2,3.0,3.0,0.0,0.0,0.0,0.0,0.6,0.4,3.0,1.8,6.0,36.7,4.2,48.0,20.3,2.700000000000003,0.0,0.0,0.0,0.0,0.19999999999999996,1.2,0.32456300000000005,42.7
42101034802,15.2,16.5,69.8,64.1,25.8,25.6,0.8,0.8,0.0,0.0,0.0,0.0,0.3,0.3,3.3,3.3,0.6,9.7,4.1,45.4,25.4,5.700000000000003,0.1999999999999993,0.0,0.0,0.0,0.0,0.0,0.5191680000000001,10.299999999999999
42101034803,5.5,20.4,89.5,85.4,6.2,4.5,3.6,3.6,0.3,0.0,0.0,0.0,0.0,0.0,0.3,0.3,1.1,11.5,3.8,71.0,26.4,4.099999999999994,1.7000000000000002,0.0,0.3,0.0,0.0,0.0,0.2643749999999999,12.6
42101034900,19.0,13.7,80.5,73.9,14.1,14.1,2.2,2.2,0.0,0.0,0.0,0.0,1.8,0.0,1.4,1.4,11.7,8.1,10.2,57.1,22.2,6.599999999999994,0.0,0.0,0.0,0.0,1.8,0.0,0.42863799999999985,19.799999999999997
42101035100,6.5,25.1,94.9,93.9,3.2,3.2,0.7,0.7,0.0,0.0,0.0,0.0,0.6,0.0,0.7,0.0,9.0,0.7,12.5,63.6,3.4,1.0,0.0,0.0,0.0,0.0,0.6,0.7,0.11802099999999995,9.7
42101035200,5.3,17.9,87.6,81.2,1.6,1.5,10.0,10.0,0.0,0.0,0.0,0.0,0.6,0.2,0.2,0.2,3.5,7.3,10.0,78.7,19.1,6.3999999999999915,0.10000000000000009,0.0,0.0,0.0,0.39999999999999997,0.0,0.3263099999999999,10.8
42101035301,11.2,22.5,90.1,84.7,2.7,1.8,4.7,4.7,0.6,0.0,0.0,0.0,1.2,0.0,0.7,0.1,0.8,1.0,1.3,78.0,25.5,5.3999999999999915,0.9000000000000001,0.0,0.6,0.0,1.2,0.6,0.276844,1.8
42101035302,11.3,18.2,88.9,85.3,8.3,8.3,2.2,2.2,0.0,0.0,0.0,0.0,0.2,0.0,0.4,0.4,1.2,1.1,5.4,56.4,17.9,3.6000000000000085,0.0,0.0,0.0,0.0,0.2,0.0,0.2637020000000001,2.3
42101035500,14.1,31.5,82.9,80.4,2.4,2.4,10.8,10.8,1.2,0.4,0.0,0.0,1.8,0.2,0.9,0.9,4.9,1.8,2.6,63.8,22.9,2.5,0.0,0.0,0.7999999999999999,0.0,1.6,0.0,0.340298,6.7
42101035601,8.9,24.1,87.8,83.6,2.0,1.9,7.2,7.2,0.0,0.0,0.0,0.0,1.6,0.0,1.5,1.5,0.8,3.1,1.2,70.0,19.7,4.200000000000003,0.10000000000000009,0.0,0.0,0.0,1.6,0.0,0.29431300000000005,3.9000000000000004
42101035602,7.3,36.2,65.8,65.5,4.6,4.6,26.0,26.0,1.3,1.3,0.0,0.0,1.9,0.0,0.4,0.4,1.7,7.2,4.4,79.3,26.7,0.29999999999999716,0.0,0.0,0.0,0.0,1.9,0.0,0.5007039999999999,8.9
42101035701,22.0,18.8,61.4,59.3,9.1,9.1,26.0,26.0,0.4,0.4,0.0,0.0,2.0,0.7,1.0,0.6,0.0,1.8,6.8,29.1,27.1,2.1000000000000014,0.0,0.0,0.0,0.0,1.3,0.4,0.570743,1.8
42101035702,15.0,28.8,87.1,82.6,1.7,1.7,9.8,9.8,0.0,0.0,0.0,0.0,0.0,0.0,1.4,1.4,0.7,0.7,8.8,33.9,29.6,4.5,0.0,0.0,0.0,0.0,0.0,0.0,0.30561,1.4
42101035800,10.1,30.8,83.7,79.9,8.8,8.8,7.0,7.0,0.2,0.2,0.0,0.0,0.0,0.0,0.3,0.3,0.6,7.0,2.2,80.4,24.0,3.799999999999997,0.0,0.0,0.0,0.0,0.0,0.0,0.347498,7.6
42101035900,11.2,26.3,83.4,82.9,4.7,4.7,11.0,11.0,0.0,0.0,0.0,0.0,0.2,0.2,0.7,0.7,1.4,3.4,3.7,63.9,17.3,0.5,0.0,0.0,0.0,0.0,0.0,0.0,0.2983719999999999,4.8
42101036000,9.4,26.5,63.8,62.2,11.6,11.6,23.0,23.0,0.0,0.0,0.0,0.0,0.0,0.0,1.6,1.6,2.9,1.3,5.5,63.1,15.3,1.5999999999999943,0.0,0.0,0.0,0.0,0.0,0.0,0.546248,4.2
42101036100,11.8,19.3,73.8,72.7,20.5,20.5,1.7,1.7,0.0,0.0,0.0,0.0,3.7,0.0,0.3,0.3,1.6,4.3,13.8,72.5,32.2,1.0999999999999943,0.0,0.0,0.0,0.0,3.7,0.0,0.427658,5.9
42101036201,4.0,17.6,89.3,86.6,9.0,9.0,0.9,0.9,0.0,0.0,0.0,0.0,0.0,0.0,0.9,0.9,1.5,3.0,6.4,68.6,19.1,2.700000000000003,0.0,0.0,0.0,0.0,0.0,0.0,0.24205300000000005,4.5
42101036202,8.3,21.8,80.4,70.0,8.6,8.6,5.7,5.7,0.0,0.0,0.0,0.0,1.6,0.3,3.6,3.6,1.5,2.9,7.8,82.1,26.1,10.400000000000006,0.0,0.0,0.0,0.0,1.3,0.0,0.4860650000000001,4.4
42101036203,10.6,17.1,93.2,90.9,0.4,0.0,3.6,3.6,0.0,0.0,0.0,0.0,1.3,0.0,1.5,0.9,5.2,5.0,3.5,88.2,29.7,2.299999999999997,0.4,0.0,0.0,0.0,1.3,0.6,0.17159199999999997,10.2
42101036301,8.6,17.5,80.4,77.9,3.3,2.8,12.5,12.5,0.0,0.0,0.0,0.0,2.0,0.0,1.8,0.0,1.1,1.8,4.8,79.1,26.5,2.5,0.5,0.0,0.0,0.0,2.0,1.8,0.375376,2.9000000000000004
42101036302,17.5,17.5,74.9,65.9,17.3,17.3,4.1,4.1,0.0,0.0,1.4,0.0,1.2,0.0,1.1,0.0,1.8,1.4,12.3,75.7,34.5,9.0,0.0,0.0,0.0,1.4,1.2,1.1,0.525548,3.2
42101036303,5.2,19.4,94.2,92.2,0.0,0.0,5.5,5.5,0.0,0.0,0.3,0.3,0.0,0.0,0.0,0.0,0.0,1.4,5.0,90.8,29.2,2.0,0.0,0.0,0.0,0.0,0.0,0.0,0.14648199999999995,1.4
42101036400,44.3,20.8,56.0,52.4,29.9,29.9,6.7,6.7,1.3,1.3,0.0,0.0,4.6,0.0,1.6,1.6,6.8,4.3,0.0,100.0,0.0,3.6000000000000014,0.0,0.0,0.0,0.0,4.6,0.0,0.6286970000000001,11.1
42101036501,12.5,29.6,80.2,76.0,14.6,14.6,4.5,4.5,0.0,0.0,0.0,0.0,0.0,0.0,0.7,0.4,5.9,3.5,4.9,50.0,20.2,4.200000000000003,0.0,0.0,0.0,0.0,0.0,0.29999999999999993,0.39727,9.4
42101036502,5.2,24.5,96.9,94.6,0.1,0.1,2.6,2.6,0.3,0.3,0.0,0.0,0.0,0.0,0.1,0.1,3.9,5.4,3.9,88.8,25.8,2.3000000000000114,0.0,0.0,0.0,0.0,0.0,0.0,0.10386800000000014,9.3
42101036600,4.0,71.4,74.5,72.1,6.5,5.4,17.1,17.1,0.9,0.9,0.0,0.0,0.5,0.0,0.5,0.5,7.8,0.0,37.3,62.1,7.6,2.4000000000000057,1.0999999999999996,0.0,0.0,0.0,0.5,0.0,0.4471740000000001,7.8
42101036700,5.0,68.9,76.8,70.9,18.8,18.3,2.5,2.5,0.2,0.2,0.0,0.0,1.4,0.5,0.3,0.3,46.9,2.4,10.3,50.7,5.4,5.8999999999999915,0.5,0.0,0.0,0.0,0.8999999999999999,0.0,0.4595799999999998,49.3
42101036900,37.6,56.0,55.8,54.2,8.3,8.2,28.6,28.6,0.0,0.0,1.2,1.2,4.0,0.0,2.0,1.9,26.8,4.8,14.7,1.0,16.0,1.5999999999999943,0.10000000000000142,0.0,0.0,0.0,4.0,0.10000000000000009,0.6143529999999999,31.6
42101037200,14.5,21.2,76.7,73.5,4.1,4.1,18.1,18.1,0.0,0.0,0.0,0.0,0.5,0.0,0.7,0.5,56.9,16.1,9.6,80.7,19.9,3.200000000000003,0.0,0.0,0.0,0.0,0.5,0.19999999999999996,0.42525500000000005,73.0
42101037300,5.2,32.6,84.9,80.8,6.0,6.0,8.5,8.5,0.0,0.0,0.0,0.0,0.1,0.0,0.5,0.5,5.9,4.5,8.4,61.8,15.4,4.1000000000000085,0.0,0.0,0.0,0.0,0.1,0.0,0.33460400000000007,10.4
42101037500,20.4,58.0,53.5,51.7,38.9,38.1,5.3,5.3,0.0,0.0,0.1,0.1,0.8,0.0,1.3,1.3,41.8,16.8,10.1,48.6,15.5,1.7999999999999972,0.7999999999999972,0.0,0.0,0.0,0.8,0.0,0.5831189999999999,58.599999999999994
42101037600,31.9,41.5,48.0,37.3,25.4,24.8,20.3,19.8,0.4,0.4,0.0,0.0,2.6,0.2,3.3,3.1,41.5,2.7,13.9,24.4,15.1,10.700000000000003,0.5999999999999979,0.5,0.0,0.0,2.4,0.19999999999999973,0.7470920000000001,44.2
42101037700,51.0,9.9,38.4,30.7,42.4,41.2,7.1,7.1,0.1,0.1,0.5,0.5,10.0,0.0,1.5,1.2,25.9,10.8,26.0,28.2,24.4,7.699999999999999,1.1999999999999957,0.0,0.0,0.0,10.0,0.30000000000000004,0.714714,36.7
42101037800,25.1,19.7,83.6,77.8,13.0,13.0,1.4,1.4,0.6,0.6,0.0,0.0,0.5,0.0,0.9,0.0,60.1,12.8,17.2,65.8,11.4,5.799999999999997,0.0,0.0,0.0,0.0,0.5,0.9,0.37411399999999995,72.9
42101037900,13.6,21.0,96.0,94.1,3.0,1.1,1.0,1.0,0.0,0.0,0.0,0.0,0.0,0.0,0.0,0.0,61.4,8.2,15.5,72.0,24.5,1.9000000000000057,1.9,0.0,0.0,0.0,0.0,0.0,0.11357600000000011,69.6
42101038000,19.5,14.4,82.5,69.9,4.2,4.2,1.7,1.7,0.0,0.0,0.7,0.7,9.6,2.1,1.2,1.2,57.6,22.7,14.1,64.8,28.3,12.599999999999994,0.0,0.0,0.0,0.0,7.5,0.0,0.4862109999999999,80.3
42101038100,36.6,5.8,53.7,43.7,42.6,39.5,1.1,1.1,0.0,0.0,0.0,0.0,0.7,0.0,1.8,1.8,54.3,32.6,10.3,46.5,24.5,10.0,3.1000000000000014,0.0,0.0,0.0,0.7,0.0,0.640551,86.9
42101038200,24.5,5.4,60.9,50.7,17.2,16.1,1.0,1.0,0.0,0.0,0.0,0.0,13.7,0.6,7.2,7.2,74.1,7.8,12.6,61.1,13.2,10.199999999999996,1.0999999999999979,0.0,0.0,0.0,13.1,0.0,0.6840239999999999,81.89999999999999
42101038300,53.0,5.2,26.9,9.2,30.3,24.2,0.0,0.0,5.3,0.0,0.0,0.0,33.1,0.0,4.5,1.4,51.4,27.0,12.3,52.8,42.3,17.7,6.100000000000001,0.0,5.3,0.0,33.1,3.1,0.785395,78.4
42101038400,6.1,37.9,84.8,83.0,8.4,8.2,2.4,2.4,0.0,0.0,0.0,0.0,1.3,0.4,3.1,3.1,2.0,13.1,1.7,80.9,22.5,1.7999999999999972,0.20000000000000107,0.0,0.0,0.0,0.9,0.0,0.30241399999999996,15.1
42101038500,7.2,80.6,85.8,84.6,6.3,6.3,5.6,5.6,0.0,0.0,0.0,0.0,0.1,0.0,2.1,0.7,55.0,6.0,5.5,60.4,21.3,1.2000000000000028,0.0,0.0,0.0,0.0,0.1,1.4000000000000001,0.275789,61.0
42101038600,6.7,80.6,84.2,82.4,12.1,11.3,1.0,1.0,0.0,0.0,0.0,0.0,0.0,0.0,2.6,2.6,31.8,7.0,0.8,69.6,20.6,1.7999999999999972,0.7999999999999989,0.0,0.0,0.0,0.0,0.0,0.30609099999999995,38.8
42101038700,8.8,72.7,78.2,76.3,12.5,12.3,4.4,4.4,0.4,0.0,0.0,0.0,0.7,0.0,3.8,3.6,59.4,9.6,6.0,83.5,24.5,1.9000000000000057,0.1999999999999993,0.0,0.4,0.0,0.7,0.19999999999999973,0.39903600000000006,69.0
42101038800,8.7,59.8,54.7,53.4,37.4,37.2,4.1,4.1,0.0,0.0,0.0,0.0,0.9,0.0,2.9,2.9,68.9,10.4,5.1,70.0,21.9,1.3000000000000043,0.19999999999999574,0.0,0.0,0.0,0.9,0.0,0.573684,79.30000000000001
42101038900,25.4,17.9,8.8,8.4,89.8,89.0,0.6,0.6,0.3,0.3,0.0,0.0,0.1,0.0,0.4,0.4,14.4,26.7,7.5,57.9,15.6,0.40000000000000036,0.7999999999999972,0.0,0.0,0.0,0.1,0.0,0.20070199999999994,41.1
42101039000,34.5,12.6,25.3,13.4,59.7,56.3,2.3,2.3,0.0,0.0,0.0,0.0,9.9,0.1,2.8,1.7,26.3,18.4,10.2,55.7,46.6,11.9,3.4000000000000057,0.0,0.0,0.0,9.8,1.0999999999999999,0.6392140000000001,44.7
42101980000,1.5,58.3,62.9,59.5,9.9,9.5,15.2,15.2,0.0,0.0,0.0,0.0,5.5,3.0,6.6,6.6,57.4,0.0,29.6,48.7,19.7,3.3999999999999986,0.40000000000000036,0.0,0.0,0.0,2.5,0.0,0.607793,57.4
42101980100,0.0,56.9,100.0,93.4,0.0,0.0,0.0,0.0,0.0,0.0,0.0,0.0,0.0,0.0,0.0,0.0,56.4,0.0,0.0,76.9,0.0,6.599999999999994,0.0,0.0,0.0,0.0,0.0,0.0,0.12328799999999991,56.4
42101980200,18.3,17.6,70.1,70.1,25.1,25.1,0.0,0.0,0.0,0.0,1.1,1.1,0.0,0.0,3.7,3.7,16.2,8.1,0.0,100.0,18.9,0.0,0.0,0.0,0.0,0.0,0.0,0.0,0.44410800000000006,24.299999999999997
42101980900,0.0,0.0,100.0,100.0,0.0,0.0,0.0,0.0,0.0,0.0,0.0,0.0,0.0,0.0,0.0,0.0,100.0,0.0,0.0,0.0,0.0,0.0,0.0,0.0,0.0,0.0,0.0,0.0,0.0,100.0
